-- phpMyAdmin SQL Dump
-- version 4.8.5
-- https://www.phpmyadmin.net/
--
-- Host: 127.0.0.1
-- Generation Time: Sep 30, 2021 at 11:25 AM
-- Server version: 10.1.38-MariaDB
-- PHP Version: 7.3.4

SET SQL_MODE = "NO_AUTO_VALUE_ON_ZERO";
SET AUTOCOMMIT = 0;
START TRANSACTION;
SET time_zone = "+00:00";


/*!40101 SET @OLD_CHARACTER_SET_CLIENT=@@CHARACTER_SET_CLIENT */;
/*!40101 SET @OLD_CHARACTER_SET_RESULTS=@@CHARACTER_SET_RESULTS */;
/*!40101 SET @OLD_COLLATION_CONNECTION=@@COLLATION_CONNECTION */;
/*!40101 SET NAMES utf8mb4 */;

--
-- Database: `ecg_project`
--

-- --------------------------------------------------------

--
-- Table structure for table `activities`
--

CREATE TABLE `activities` (
  `id` int(11) NOT NULL,
  `id_activity` int(11) NOT NULL,
  `id_user` int(11) NOT NULL,
  `target` varchar(128) NOT NULL,
  `id_rekaman` int(11) NOT NULL,
  `created_at` int(11) NOT NULL
) ENGINE=InnoDB DEFAULT CHARSET=latin1;

--
-- Dumping data for table `activities`
--

INSERT INTO `activities` (`id`, `id_activity`, `id_user`, `target`, `id_rekaman`, `created_at`) VALUES
(1, 5, 1, '1', 1, 1632837353),
(2, 4, 1, '1', 6, 1632837645),
(3, 1, 1, '1', 1, 1632837675),
(4, 3, 1, '1', 1, 1632838721),
(5, 5, 1, '1', 1, 1632838727),
(6, 3, 1, '1', 1, 1632838936),
(7, 1, 1, '1', 1, 1632839337),
(8, 1, 1, '1', 1, 1632839409),
(9, 1, 1, '1', 1, 1632839411),
(10, 1, 1, '1', 1, 1632839443),
(11, 4, 2, '4', 4, 1632850381),
(12, 1, 1, '1', 1, 1632850798),
(13, 4, 2, '6', 6, 1632895514),
(14, 4, 2, '7', 7, 1632895783);

-- --------------------------------------------------------

--
-- Table structure for table `activities_list`
--

CREATE TABLE `activities_list` (
  `id` int(11) NOT NULL,
  `nama` varchar(128) NOT NULL,
  `keterangan` varchar(128) NOT NULL,
  `logo` varchar(128) NOT NULL
) ENGINE=InnoDB DEFAULT CHARSET=latin1;

--
-- Dumping data for table `activities_list`
--

INSERT INTO `activities_list` (`id`, `nama`, `keterangan`, `logo`) VALUES
(1, 'Download', 'telah melakukan Downloading', 'fas fa-download'),
(2, 'Upload', 'telah melakukan Uploading', 'fas fa-upload'),
(3, 'Checking', 'telah melakukan Checking', 'fas fa-check'),
(4, 'Deleting', 'telah melakukan Deleting', 'fas fa-trash-alt'),
(5, 'Unchecking', 'telah melakukan Unchecking', 'far fa-window-close');

-- --------------------------------------------------------

--
-- Table structure for table `alat`
--

CREATE TABLE `alat` (
  `id` int(11) NOT NULL,
  `id_user` int(11) NOT NULL,
  `nama` varchar(128) NOT NULL,
  `key_api` varchar(128) NOT NULL
) ENGINE=InnoDB DEFAULT CHARSET=latin1;

--
-- Dumping data for table `alat`
--

INSERT INTO `alat` (`id`, `id_user`, `nama`, `key_api`) VALUES
(1, 2, 'ALIVE1', 'c4ca4238a0b923820dcc509a6f75849b');

-- --------------------------------------------------------

--
-- Table structure for table `ecg`
--

CREATE TABLE `ecg` (
  `id` int(11) NOT NULL,
  `id_pasien` int(11) NOT NULL,
  `id_rekaman` int(11) NOT NULL,
  `i` float NOT NULL,
  `ii` float NOT NULL,
  `iii` float NOT NULL,
  `avr` float NOT NULL,
  `avl` float NOT NULL,
  `avf` float NOT NULL,
  `v1` float NOT NULL,
  `v2` float NOT NULL,
  `v3` float NOT NULL,
  `v4` float NOT NULL,
  `v5` float NOT NULL,
  `v6` float NOT NULL
) ENGINE=InnoDB DEFAULT CHARSET=latin1;

--
-- Dumping data for table `ecg`
--

INSERT INTO `ecg` (`id`, `id_pasien`, `id_rekaman`, `i`, `ii`, `iii`, `avr`, `avl`, `avf`, `v1`, `v2`, `v3`, `v4`, `v5`, `v6`) VALUES
(1, 1, 1, 3.794, 1.493, -0.304, -2.778, 1.526, 0.585, -3.438, -3.333, -3.415, -4.072, 1.654, 6.444),
(2, 1, 1, 3.765, 1.497, -0.271, -2.765, 1.497, 0.605, -3.454, -3.291, -3.35, -4.016, 1.673, 6.448),
(3, 1, 1, 3.814, 1.5, -0.317, -2.791, 1.542, 0.582, -3.474, -3.258, -3.291, -3.964, 1.703, 6.467),
(4, 1, 1, 3.804, 1.546, -0.261, -2.81, 1.51, 0.634, -3.484, -3.203, -3.222, -3.892, 1.775, 6.529),
(5, 1, 1, 3.869, 1.634, -0.239, -2.886, 1.533, 0.69, -3.493, -3.147, -3.163, -3.814, 1.804, 6.565),
(6, 1, 1, 3.908, 1.624, -0.288, -2.902, 1.575, 0.66, -3.539, -3.17, -3.186, -3.824, 1.722, 6.471),
(7, 1, 1, 3.951, 1.65, -0.304, -2.935, 1.605, 0.663, -3.539, -3.15, -3.183, -3.788, 1.729, 6.5),
(8, 1, 1, 3.925, 1.598, -0.33, -2.895, 1.605, 0.624, -3.572, -3.216, -3.291, -3.863, 1.601, 6.415),
(9, 1, 1, 3.889, 1.595, -0.297, -2.876, 1.572, 0.641, -3.559, -3.278, -3.389, -3.918, 1.667, 6.461),
(10, 1, 1, 3.745, 1.549, -0.199, -2.781, 1.451, 0.667, -3.533, -3.333, -3.487, -3.98, 1.765, 6.578),
(11, 1, 1, 3.755, 1.51, -0.248, -2.768, 1.48, 0.621, -3.533, -3.431, -3.595, -4.088, 1.722, 6.539),
(12, 1, 1, 3.752, 1.52, -0.235, -2.771, 1.471, 0.634, -3.533, -3.5, -3.67, -4.157, 1.634, 6.484),
(13, 1, 1, 3.696, 1.444, -0.255, -2.706, 1.454, 0.585, -3.507, -3.536, -3.719, -4.199, 1.556, 6.422),
(14, 1, 1, 3.69, 1.389, -0.304, -2.673, 1.474, 0.533, -3.503, -3.556, -3.735, -4.212, 1.493, 6.376),
(15, 1, 1, 3.706, 1.386, -0.324, -2.68, 1.493, 0.523, -3.51, -3.575, -3.732, -4.212, 1.493, 6.376),
(16, 1, 1, 3.742, 1.363, -0.382, -2.686, 1.539, 0.48, -3.529, -3.592, -3.739, -4.219, 1.412, 6.314),
(17, 1, 1, 3.696, 1.304, -0.395, -2.634, 1.523, 0.444, -3.523, -3.585, -3.732, -4.203, 1.464, 6.35),
(18, 1, 1, 3.699, 1.314, -0.389, -2.641, 1.523, 0.454, -3.526, -3.588, -3.729, -4.209, 1.484, 6.369),
(19, 1, 1, 3.608, 1.271, -0.34, -2.575, 1.451, 0.458, -3.484, -3.542, -3.69, -4.19, 1.51, 6.392),
(20, 1, 1, 3.673, 1.222, -0.454, -2.582, 1.542, 0.376, -3.5, -3.562, -3.699, -4.222, 1.48, 6.356),
(21, 1, 1, 3.673, 0.98, -0.696, -2.461, 1.663, 0.134, -3.405, -3.458, -3.598, -4.127, 1.588, 6.454),
(22, 1, 1, 3.67, 0.67, -1.003, -2.304, 1.814, -0.176, -3.317, -3.379, -3.523, -4.065, 1.647, 6.51),
(23, 1, 1, 3.621, 0.575, -1.049, -2.232, 1.814, -0.245, -3.288, -3.337, -3.51, -4.046, 1.66, 6.52),
(24, 1, 1, 3.654, 0.637, -1.02, -2.281, 1.814, -0.199, -3.314, -3.363, -3.542, -4.098, 1.634, 6.477),
(25, 1, 1, 3.614, 0.686, -0.931, -2.284, 1.752, -0.131, -3.333, -3.389, -3.562, -4.124, 1.624, 6.451),
(26, 1, 1, 3.578, 0.706, -0.876, -2.278, 1.706, -0.095, -3.307, -3.34, -3.507, -4.101, 1.67, 6.503),
(27, 1, 1, 3.634, 0.725, -0.912, -2.314, 1.752, -0.101, -3.356, -3.395, -3.546, -4.15, 1.654, 6.477),
(28, 1, 1, 3.644, 0.801, -0.846, -2.356, 1.722, -0.033, -3.389, -3.435, -3.592, -4.196, 1.578, 6.399),
(29, 1, 1, 3.735, 0.984, -0.755, -2.493, 1.722, 0.105, -3.467, -3.5, -3.634, -4.252, 1.552, 6.356),
(30, 1, 1, 3.565, 1.101, -0.467, -2.467, 1.493, 0.307, -3.487, -3.533, -3.722, -4.284, 1.52, 6.333),
(31, 1, 1, 3.637, 1.255, -0.386, -2.582, 1.49, 0.425, -3.497, -3.539, -3.778, -4.327, 1.471, 6.294),
(32, 1, 1, 3.716, 1.373, -0.346, -2.68, 1.51, 0.503, -3.546, -3.569, -3.817, -4.379, 1.48, 6.307),
(33, 1, 1, 3.676, 1.376, -0.304, -2.66, 1.467, 0.526, -3.569, -3.618, -3.905, -4.458, 1.392, 6.216),
(34, 1, 1, 3.627, 1.559, -0.072, -2.729, 1.327, 0.735, -3.578, -3.637, -3.925, -4.484, 1.395, 6.242),
(35, 1, 1, 3.67, 1.703, 0.029, -2.82, 1.297, 0.856, -3.621, -3.683, -3.938, -4.546, 1.34, 6.203),
(36, 1, 1, 3.761, 1.778, 0.013, -2.905, 1.353, 0.886, -3.673, -3.729, -4.042, -4.608, 1.301, 6.176),
(37, 1, 1, 3.65, 1.899, 0.245, -2.908, 1.18, 1.062, -3.69, -3.752, -4.098, -4.657, 1.281, 6.157),
(38, 1, 1, 3.712, 2.17, 0.454, -3.075, 1.108, 1.304, -3.758, -3.797, -4.157, -4.703, 1.222, 6.101),
(39, 1, 1, 3.739, 2.288, 0.546, -3.147, 1.075, 1.408, -3.827, -3.859, -4.275, -4.745, 1.18, 6.056),
(40, 1, 1, 3.699, 1.977, 0.275, -2.974, 1.19, 1.118, -3.735, -3.765, -4.19, -4.595, 1.281, 6.17),
(41, 1, 1, 3.69, 1.814, 0.121, -2.886, 1.261, 0.958, -3.68, -3.686, -3.977, -4.464, 1.376, 6.248),
(42, 1, 1, 3.879, 1.768, -0.114, -2.958, 1.474, 0.817, -3.716, -3.641, -3.863, -4.379, 1.415, 6.288),
(43, 1, 1, 3.869, 1.686, -0.186, -2.912, 1.507, 0.742, -3.742, -3.634, -3.833, -4.363, 1.428, 6.304),
(44, 1, 1, 3.794, 1.582, -0.216, -2.824, 1.484, 0.673, -3.703, -3.647, -3.846, -4.405, 1.346, 6.225),
(45, 1, 1, 3.859, 1.529, -0.333, -2.83, 1.575, 0.588, -3.693, -3.663, -3.859, -4.425, 1.395, 6.265),
(46, 1, 1, 3.755, 1.533, -0.225, -2.778, 1.467, 0.644, -3.601, -3.595, -3.794, -4.359, 1.464, 6.317),
(47, 1, 1, 3.706, 1.552, -0.157, -2.765, 1.408, 0.69, -3.549, -3.588, -3.807, -4.369, 1.454, 6.304),
(48, 1, 1, 3.703, 1.467, -0.239, -2.719, 1.448, 0.605, -3.549, -3.627, -3.873, -4.435, 1.415, 6.248),
(49, 1, 1, 3.637, 1.412, -0.229, -2.66, 1.412, 0.582, -3.51, -3.608, -3.886, -4.448, 1.346, 6.196),
(50, 1, 1, 3.67, 1.399, -0.275, -2.67, 1.451, 0.552, -3.5, -3.618, -3.895, -4.464, 1.31, 6.141),
(51, 1, 1, 3.719, 1.412, -0.31, -2.699, 1.493, 0.542, -3.477, -3.605, -3.873, -4.451, 1.324, 6.154),
(52, 1, 1, 3.68, 1.415, -0.268, -2.683, 1.451, 0.565, -3.493, -3.621, -3.882, -4.448, 1.356, 6.19),
(53, 1, 1, 3.582, 1.346, -0.239, -2.598, 1.389, 0.546, -3.464, -3.601, -3.869, -4.435, 1.343, 6.17),
(54, 1, 1, 3.654, 1.32, -0.337, -2.621, 1.474, 0.484, -3.415, -3.556, -3.83, -4.451, 1.265, 6.098),
(55, 1, 1, 3.552, 1.314, -0.242, -2.569, 1.376, 0.526, -3.307, -3.474, -3.761, -4.408, 1.278, 6.062),
(56, 1, 1, 3.49, 1.32, -0.173, -2.539, 1.31, 0.565, -3.222, -3.346, -3.641, -4.278, 1.304, 6.062),
(57, 1, 1, 3.778, 1.562, -0.219, -2.804, 1.477, 0.663, -3.291, -3.144, -3.271, -3.837, 1.559, 6.275),
(58, 1, 1, 4.343, 1.977, -0.369, -3.294, 1.833, 0.797, -3.631, -2.922, -2.784, -3.203, 2.065, 6.791),
(59, 1, 1, 4.81, 2.183, -0.631, -3.631, 2.199, 0.768, -3.948, -2.827, -2.539, -2.846, 2.399, 7.222),
(60, 1, 1, 4.356, 2.046, -0.314, -3.337, 1.814, 0.859, -3.954, -3.346, -3.137, -3.399, 2.173, 7.131),
(61, 1, 1, 3.912, 1.288, -0.627, -2.735, 1.748, 0.32, -3.422, -3.209, -3.546, -4.108, 1.493, 6.467),
(62, 1, 1, 3.814, 1.212, -0.605, -2.647, 1.686, 0.294, -3.314, -3.271, -3.68, -4.281, 1.33, 6.258),
(63, 1, 1, 3.778, 1.294, -0.487, -2.67, 1.611, 0.395, -3.444, -3.5, -3.856, -4.405, 1.317, 6.239),
(64, 1, 1, 3.719, 1.34, -0.382, -2.663, 1.529, 0.471, -3.458, -3.575, -3.889, -4.412, 1.356, 6.239),
(65, 1, 1, 3.592, 1.363, -0.232, -2.611, 1.389, 0.556, -3.408, -3.533, -3.859, -4.402, 1.31, 6.19),
(66, 1, 1, 3.611, 1.363, -0.252, -2.621, 1.408, 0.546, -3.431, -3.549, -3.889, -4.422, 1.297, 6.186),
(67, 1, 1, 3.65, 1.314, -0.34, -2.618, 1.474, 0.477, -3.444, -3.569, -3.912, -4.431, 1.34, 6.209),
(68, 1, 1, 3.66, 1.35, -0.314, -2.641, 1.464, 0.51, -3.431, -3.556, -3.908, -4.418, 1.389, 6.248),
(69, 1, 1, 3.683, 1.366, -0.32, -2.66, 1.48, 0.513, -3.451, -3.572, -3.935, -4.435, 1.324, 6.19),
(70, 1, 1, 3.644, 1.422, -0.225, -2.667, 1.412, 0.588, -3.376, -3.497, -3.859, -4.356, 1.379, 6.248),
(71, 1, 1, 3.667, 1.395, -0.275, -2.667, 1.448, 0.552, -3.438, -3.552, -3.895, -4.386, 1.359, 6.225),
(72, 1, 1, 3.582, 1.389, -0.196, -2.621, 1.366, 0.588, -3.415, -3.533, -3.873, -4.366, 1.373, 6.248),
(73, 1, 1, 3.693, 1.389, -0.307, -2.676, 1.477, 0.533, -3.464, -3.556, -3.892, -4.382, 1.35, 6.229),
(74, 1, 1, 3.693, 1.438, -0.258, -2.699, 1.454, 0.582, -3.451, -3.526, -3.866, -4.346, 1.435, 6.281),
(75, 1, 1, 3.582, 1.386, -0.199, -2.618, 1.369, 0.585, -3.438, -3.507, -3.843, -4.324, 1.441, 6.281),
(76, 1, 1, 3.68, 1.418, -0.265, -2.683, 1.451, 0.569, -3.471, -3.513, -3.837, -4.31, 1.444, 6.278),
(77, 1, 1, 3.729, 1.464, -0.268, -2.732, 1.477, 0.588, -3.471, -3.503, -3.82, -4.275, 1.425, 6.281),
(78, 1, 1, 3.676, 1.48, -0.199, -2.712, 1.415, 0.631, -3.461, -3.477, -3.784, -4.225, 1.422, 6.294),
(79, 1, 1, 3.696, 1.438, -0.261, -2.703, 1.458, 0.578, -3.484, -3.464, -3.771, -4.209, 1.474, 6.301),
(80, 1, 1, 3.663, 1.497, -0.17, -2.716, 1.395, 0.654, -3.497, -3.461, -3.755, -4.183, 1.529, 6.346),
(81, 1, 1, 3.68, 1.503, -0.18, -2.725, 1.408, 0.654, -3.497, -3.428, -3.725, -4.147, 1.493, 6.327),
(82, 1, 1, 3.725, 1.49, -0.239, -2.742, 1.461, 0.618, -3.529, -3.418, -3.706, -4.114, 1.52, 6.337),
(83, 1, 1, 3.775, 1.526, -0.252, -2.784, 1.49, 0.627, -3.552, -3.392, -3.67, -4.075, 1.536, 6.343),
(84, 1, 1, 3.778, 1.552, -0.229, -2.801, 1.48, 0.654, -3.572, -3.359, -3.631, -4.033, 1.51, 6.33),
(85, 1, 1, 3.81, 1.556, -0.258, -2.817, 1.513, 0.641, -3.598, -3.314, -3.569, -3.951, 1.601, 6.386),
(86, 1, 1, 3.853, 1.631, -0.225, -2.876, 1.516, 0.693, -3.627, -3.288, -3.529, -3.892, 1.663, 6.441),
(87, 1, 1, 3.886, 1.637, -0.252, -2.895, 1.546, 0.683, -3.66, -3.268, -3.513, -3.856, 1.67, 6.444),
(88, 1, 1, 3.971, 1.709, -0.265, -2.974, 1.595, 0.712, -3.699, -3.265, -3.507, -3.85, 1.66, 6.422),
(89, 1, 1, 3.899, 1.654, -0.248, -2.912, 1.552, 0.693, -3.729, -3.301, -3.529, -3.908, 1.634, 6.392),
(90, 1, 1, 3.902, 1.66, -0.245, -2.915, 1.552, 0.699, -3.739, -3.35, -3.575, -3.958, 1.634, 6.408),
(91, 1, 1, 3.892, 1.621, -0.275, -2.892, 1.562, 0.663, -3.739, -3.425, -3.647, -4.075, 1.582, 6.369),
(92, 1, 1, 3.804, 1.559, -0.248, -2.817, 1.503, 0.647, -3.716, -3.493, -3.739, -4.18, 1.559, 6.363),
(93, 1, 1, 3.765, 1.513, -0.255, -2.775, 1.487, 0.621, -3.686, -3.542, -3.82, -4.245, 1.52, 6.337),
(94, 1, 1, 3.735, 1.467, -0.271, -2.735, 1.48, 0.588, -3.641, -3.565, -3.876, -4.288, 1.487, 6.324),
(95, 1, 1, 3.719, 1.438, -0.284, -2.712, 1.48, 0.569, -3.611, -3.588, -3.925, -4.34, 1.458, 6.307),
(96, 1, 1, 3.748, 1.402, -0.35, -2.709, 1.526, 0.516, -3.634, -3.647, -3.948, -4.425, 1.389, 6.245),
(97, 1, 1, 3.68, 1.382, -0.301, -2.667, 1.467, 0.533, -3.592, -3.624, -3.925, -4.464, 1.412, 6.278),
(98, 1, 1, 3.696, 1.428, -0.271, -2.696, 1.461, 0.569, -3.529, -3.559, -3.895, -4.497, 1.444, 6.307),
(99, 1, 1, 3.69, 1.438, -0.255, -2.699, 1.451, 0.582, -3.529, -3.565, -3.905, -4.526, 1.461, 6.333),
(100, 1, 1, 3.67, 1.376, -0.297, -2.657, 1.461, 0.529, -3.539, -3.582, -3.915, -4.552, 1.448, 6.301),
(101, 1, 1, 3.693, 1.454, -0.242, -2.709, 1.444, 0.598, -3.542, -3.575, -3.889, -4.516, 1.477, 6.337),
(102, 1, 1, 3.654, 1.497, -0.16, -2.709, 1.386, 0.66, -3.533, -3.575, -3.859, -4.493, 1.484, 6.35),
(103, 1, 1, 3.673, 1.471, -0.206, -2.706, 1.418, 0.624, -3.556, -3.588, -3.882, -4.5, 1.441, 6.317),
(104, 1, 1, 3.69, 1.461, -0.232, -2.709, 1.438, 0.605, -3.559, -3.601, -3.886, -4.493, 1.425, 6.32),
(105, 1, 1, 3.65, 1.425, -0.229, -2.673, 1.418, 0.588, -3.556, -3.601, -3.856, -4.474, 1.435, 6.34),
(106, 1, 1, 3.627, 1.389, -0.242, -2.644, 1.412, 0.565, -3.556, -3.611, -3.85, -4.477, 1.418, 6.353),
(107, 1, 1, 3.716, 1.441, -0.278, -2.712, 1.474, 0.572, -3.562, -3.605, -3.814, -4.438, 1.422, 6.366),
(108, 1, 1, 3.637, 1.418, -0.222, -2.663, 1.408, 0.588, -3.542, -3.601, -3.794, -4.418, 1.412, 6.386),
(109, 1, 1, 3.673, 1.435, -0.242, -2.69, 1.435, 0.588, -3.549, -3.601, -3.784, -4.408, 1.392, 6.366),
(110, 1, 1, 3.654, 1.471, -0.186, -2.696, 1.399, 0.634, -3.546, -3.598, -3.778, -4.376, 1.425, 6.425),
(111, 1, 1, 3.641, 1.451, -0.193, -2.68, 1.395, 0.621, -3.526, -3.575, -3.771, -4.346, 1.451, 6.461),
(112, 1, 1, 3.641, 1.458, -0.186, -2.683, 1.392, 0.627, -3.533, -3.578, -3.781, -4.34, 1.435, 6.444),
(113, 1, 1, 3.611, 1.461, -0.154, -2.67, 1.359, 0.644, -3.52, -3.559, -3.784, -4.314, 1.458, 6.477),
(114, 1, 1, 3.614, 1.464, -0.154, -2.673, 1.363, 0.647, -3.52, -3.556, -3.797, -4.294, 1.49, 6.51),
(115, 1, 1, 3.647, 1.458, -0.193, -2.686, 1.399, 0.624, -3.536, -3.562, -3.807, -4.291, 1.464, 6.487),
(116, 1, 1, 3.657, 1.477, -0.183, -2.703, 1.399, 0.637, -3.552, -3.562, -3.807, -4.275, 1.451, 6.487),
(117, 1, 1, 3.634, 1.49, -0.147, -2.696, 1.369, 0.663, -3.552, -3.539, -3.817, -4.248, 1.451, 6.477),
(118, 1, 1, 3.686, 1.536, -0.154, -2.745, 1.399, 0.683, -3.582, -3.539, -3.745, -4.232, 1.448, 6.471),
(119, 1, 1, 3.693, 1.578, -0.118, -2.771, 1.382, 0.722, -3.631, -3.542, -3.745, -4.222, 1.454, 6.477),
(120, 1, 1, 3.631, 1.592, -0.042, -2.745, 1.314, 0.765, -3.627, -3.526, -3.722, -4.222, 1.503, 6.526),
(121, 1, 1, 3.712, 1.654, -0.062, -2.817, 1.366, 0.788, -3.663, -3.549, -3.706, -4.216, 1.507, 6.52),
(122, 1, 1, 3.68, 1.627, -0.056, -2.788, 1.346, 0.778, -3.667, -3.556, -3.732, -4.199, 1.52, 6.529),
(123, 1, 1, 3.732, 1.634, -0.101, -2.817, 1.395, 0.758, -3.719, -3.569, -3.739, -4.17, 1.539, 6.559),
(124, 1, 1, 3.768, 1.663, -0.108, -2.85, 1.415, 0.768, -3.752, -3.582, -3.761, -4.18, 1.516, 6.542),
(125, 1, 1, 3.755, 1.539, -0.219, -2.781, 1.464, 0.65, -3.716, -3.585, -3.778, -4.199, 1.484, 6.507),
(126, 1, 1, 3.765, 1.487, -0.281, -2.761, 1.5, 0.595, -3.699, -3.605, -3.82, -4.268, 1.464, 6.48),
(127, 1, 1, 3.778, 1.529, -0.252, -2.788, 1.493, 0.631, -3.67, -3.585, -3.801, -4.268, 1.51, 6.533),
(128, 1, 1, 3.644, 1.529, -0.118, -2.722, 1.359, 0.696, -3.611, -3.592, -3.82, -4.288, 1.507, 6.523),
(129, 1, 1, 3.644, 1.549, -0.098, -2.732, 1.35, 0.716, -3.588, -3.601, -3.84, -4.307, 1.497, 6.51),
(130, 1, 1, 3.663, 1.493, -0.173, -2.712, 1.395, 0.65, -3.562, -3.585, -3.837, -4.32, 1.441, 6.441),
(131, 1, 1, 3.575, 1.425, -0.154, -2.634, 1.343, 0.627, -3.556, -3.611, -3.873, -4.35, 1.425, 6.408),
(132, 1, 1, 3.529, 1.458, -0.075, -2.627, 1.281, 0.683, -3.52, -3.559, -3.82, -4.307, 1.484, 6.461),
(133, 1, 1, 3.641, 1.435, -0.209, -2.673, 1.402, 0.605, -3.542, -3.585, -3.843, -4.343, 1.428, 6.415),
(134, 1, 1, 3.592, 1.536, -0.059, -2.699, 1.304, 0.729, -3.556, -3.595, -3.859, -4.363, 1.435, 6.399),
(135, 1, 1, 3.582, 1.559, -0.026, -2.706, 1.281, 0.758, -3.552, -3.569, -3.859, -4.379, 1.356, 6.314),
(136, 1, 1, 3.493, 1.507, 0.01, -2.634, 1.219, 0.748, -3.441, -3.471, -3.814, -4.369, 1.314, 6.258),
(137, 1, 1, 3.471, 1.48, 0.007, -2.611, 1.209, 0.735, -3.359, -3.379, -3.725, -4.294, 1.35, 6.248),
(138, 1, 1, 3.67, 1.673, 0, -2.807, 1.314, 0.827, -3.386, -3.19, -3.431, -3.944, 1.585, 6.431),
(139, 1, 1, 4.092, 2.049, -0.046, -3.206, 1.546, 0.993, -3.634, -2.908, -2.886, -3.301, 2.029, 6.85),
(140, 1, 1, 4.637, 2.225, -0.415, -3.565, 2.003, 0.899, -3.948, -2.663, -2.451, -2.804, 2.366, 7.261),
(141, 1, 1, 4.458, 2.222, -0.239, -3.474, 1.827, 0.984, -4.065, -3.127, -2.85, -3.147, 2.275, 7.304),
(142, 1, 1, 3.941, 1.569, -0.376, -2.889, 1.637, 0.588, -3.624, -3.284, -3.529, -4.056, 1.676, 6.725),
(143, 1, 1, 3.761, 1.255, -0.51, -2.644, 1.614, 0.363, -3.389, -3.242, -3.667, -4.33, 1.408, 6.412),
(144, 1, 1, 3.703, 1.461, -0.245, -2.716, 1.451, 0.598, -3.493, -3.454, -3.82, -4.444, 1.408, 6.392),
(145, 1, 1, 3.68, 1.402, -0.281, -2.676, 1.458, 0.552, -3.539, -3.565, -3.876, -4.477, 1.359, 6.301),
(146, 1, 1, 3.52, 1.477, -0.046, -2.634, 1.261, 0.706, -3.464, -3.497, -3.784, -4.382, 1.425, 6.34),
(147, 1, 1, 3.5, 1.431, -0.072, -2.601, 1.265, 0.67, -3.474, -3.516, -3.797, -4.389, 1.448, 6.356),
(148, 1, 1, 3.641, 1.582, -0.062, -2.745, 1.33, 0.752, -3.454, -3.484, -3.765, -4.359, 1.454, 6.369),
(149, 1, 1, 3.582, 1.497, -0.088, -2.673, 1.314, 0.696, -3.454, -3.493, -3.778, -4.366, 1.461, 6.369),
(150, 1, 1, 3.575, 1.507, -0.072, -2.676, 1.301, 0.709, -3.467, -3.497, -3.781, -4.363, 1.458, 6.376),
(151, 1, 1, 3.608, 1.52, -0.092, -2.699, 1.327, 0.706, -3.497, -3.51, -3.791, -4.363, 1.464, 6.363),
(152, 1, 1, 3.614, 1.513, -0.105, -2.699, 1.337, 0.696, -3.507, -3.523, -3.81, -4.366, 1.415, 6.32),
(153, 1, 1, 3.588, 1.461, -0.131, -2.66, 1.337, 0.657, -3.503, -3.51, -3.791, -4.333, 1.487, 6.412),
(154, 1, 1, 3.575, 1.523, -0.056, -2.683, 1.294, 0.725, -3.513, -3.516, -3.794, -4.317, 1.542, 6.461),
(155, 1, 1, 3.598, 1.533, -0.069, -2.699, 1.31, 0.722, -3.513, -3.523, -3.784, -4.291, 1.484, 6.428),
(156, 1, 1, 3.641, 1.52, -0.124, -2.716, 1.359, 0.69, -3.526, -3.536, -3.765, -4.255, 1.471, 6.412),
(157, 1, 1, 3.641, 1.529, -0.114, -2.719, 1.356, 0.699, -3.539, -3.565, -3.755, -4.222, 1.477, 6.412),
(158, 1, 1, 3.627, 1.513, -0.118, -2.706, 1.35, 0.69, -3.539, -3.565, -3.716, -4.17, 1.471, 6.395),
(159, 1, 1, 3.725, 1.507, -0.222, -2.752, 1.451, 0.634, -3.565, -3.582, -3.699, -4.144, 1.415, 6.353),
(160, 1, 1, 3.598, 1.412, -0.19, -2.641, 1.373, 0.601, -3.513, -3.523, -3.614, -4.101, 1.484, 6.422),
(161, 1, 1, 3.663, 1.428, -0.239, -2.68, 1.428, 0.585, -3.5, -3.477, -3.556, -4.069, 1.575, 6.5),
(162, 1, 1, 3.657, 1.199, -0.461, -2.562, 1.536, 0.359, -3.451, -3.379, -3.461, -3.993, 1.66, 6.575),
(163, 1, 1, 3.722, 0.807, -0.918, -2.399, 1.797, -0.065, -3.366, -3.255, -3.317, -3.859, 1.781, 6.68),
(164, 1, 1, 3.716, 0.775, -0.944, -2.379, 1.807, -0.095, -3.327, -3.173, -3.216, -3.758, 1.814, 6.693),
(165, 1, 1, 3.725, 0.895, -0.833, -2.444, 1.758, 0.023, -3.353, -3.144, -3.173, -3.712, 1.82, 6.686),
(166, 1, 1, 3.693, 0.925, -0.771, -2.444, 1.709, 0.069, -3.405, -3.137, -3.157, -3.703, 1.824, 6.67),
(167, 1, 1, 3.833, 1.056, -0.781, -2.578, 1.784, 0.127, -3.395, -3.065, -3.075, -3.641, 1.908, 6.729),
(168, 1, 1, 3.771, 1.088, -0.686, -2.565, 1.706, 0.193, -3.441, -3.072, -3.082, -3.65, 1.908, 6.709),
(169, 1, 1, 3.879, 1.219, -0.663, -2.683, 1.748, 0.268, -3.497, -3.108, -3.137, -3.709, 1.853, 6.65),
(170, 1, 1, 3.879, 1.343, -0.539, -2.745, 1.686, 0.392, -3.546, -3.154, -3.203, -3.788, 1.814, 6.634),
(171, 1, 1, 3.882, 1.441, -0.444, -2.797, 1.641, 0.49, -3.598, -3.248, -3.369, -3.918, 1.748, 6.565),
(172, 1, 1, 3.899, 1.601, -0.301, -2.886, 1.578, 0.641, -3.65, -3.382, -3.565, -4.095, 1.667, 6.49),
(173, 1, 1, 3.833, 1.641, -0.196, -2.873, 1.493, 0.712, -3.709, -3.529, -3.771, -4.31, 1.533, 6.389),
(174, 1, 1, 3.761, 1.768, 0.003, -2.899, 1.356, 0.876, -3.699, -3.611, -3.895, -4.464, 1.467, 6.346),
(175, 1, 1, 3.752, 1.833, 0.078, -2.928, 1.314, 0.948, -3.729, -3.699, -3.964, -4.618, 1.382, 6.284),
(176, 1, 1, 3.745, 1.876, 0.127, -2.944, 1.288, 0.993, -3.732, -3.745, -4.039, -4.712, 1.324, 6.232),
(177, 1, 1, 3.725, 1.781, 0.052, -2.889, 1.314, 0.908, -3.686, -3.729, -4.049, -4.739, 1.353, 6.271),
(178, 1, 1, 3.693, 1.758, 0.062, -2.859, 1.294, 0.902, -3.68, -3.748, -4.098, -4.781, 1.33, 6.252),
(179, 1, 1, 3.703, 1.908, 0.203, -2.941, 1.229, 1.046, -3.735, -3.797, -4.199, -4.833, 1.271, 6.19),
(180, 1, 1, 3.69, 2.072, 0.379, -3.016, 1.134, 1.216, -3.775, -3.843, -4.275, -4.846, 1.209, 6.134),
(181, 1, 1, 3.686, 2.056, 0.366, -3.007, 1.137, 1.203, -3.758, -3.814, -4.17, -4.784, 1.199, 6.111),
(182, 1, 1, 3.696, 1.905, 0.206, -2.935, 1.222, 1.046, -3.676, -3.712, -4.013, -4.637, 1.278, 6.19),
(183, 1, 1, 3.755, 1.729, -0.029, -2.876, 1.369, 0.84, -3.65, -3.667, -3.912, -4.549, 1.307, 6.209),
(184, 1, 1, 3.66, 1.631, -0.033, -2.781, 1.324, 0.791, -3.618, -3.634, -3.827, -4.484, 1.301, 6.209),
(185, 1, 1, 3.647, 1.546, -0.105, -2.732, 1.353, 0.712, -3.598, -3.624, -3.778, -4.448, 1.353, 6.242),
(186, 1, 1, 3.696, 1.542, -0.157, -2.755, 1.405, 0.683, -3.595, -3.631, -3.761, -4.441, 1.379, 6.258),
(187, 1, 1, 3.725, 1.51, -0.219, -2.752, 1.451, 0.637, -3.569, -3.605, -3.725, -4.418, 1.422, 6.301),
(188, 1, 1, 3.742, 1.513, -0.232, -2.761, 1.464, 0.631, -3.588, -3.624, -3.745, -4.441, 1.363, 6.242),
(189, 1, 1, 3.693, 1.516, -0.18, -2.739, 1.415, 0.66, -3.575, -3.614, -3.781, -4.438, 1.402, 6.278),
(190, 1, 1, 3.686, 1.51, -0.18, -2.732, 1.412, 0.657, -3.575, -3.624, -3.853, -4.454, 1.408, 6.271),
(191, 1, 1, 3.676, 1.546, -0.134, -2.745, 1.382, 0.696, -3.539, -3.595, -3.902, -4.431, 1.464, 6.324),
(192, 1, 1, 3.699, 1.549, -0.154, -2.758, 1.405, 0.69, -3.539, -3.605, -3.964, -4.451, 1.422, 6.284),
(193, 1, 1, 3.706, 1.513, -0.196, -2.745, 1.428, 0.65, -3.559, -3.624, -3.99, -4.464, 1.382, 6.258),
(194, 1, 1, 3.663, 1.503, -0.163, -2.719, 1.392, 0.66, -3.536, -3.608, -3.948, -4.438, 1.366, 6.248),
(195, 1, 1, 3.709, 1.49, -0.222, -2.735, 1.444, 0.624, -3.556, -3.614, -3.879, -4.431, 1.382, 6.261),
(196, 1, 1, 3.709, 1.529, -0.183, -2.755, 1.425, 0.663, -3.526, -3.595, -3.81, -4.405, 1.412, 6.271),
(197, 1, 1, 3.66, 1.51, -0.154, -2.719, 1.386, 0.67, -3.503, -3.572, -3.784, -4.366, 1.395, 6.268),
(198, 1, 1, 3.725, 1.529, -0.199, -2.761, 1.441, 0.657, -3.552, -3.618, -3.775, -4.382, 1.359, 6.242),
(199, 1, 1, 3.637, 1.467, -0.173, -2.686, 1.382, 0.637, -3.529, -3.595, -3.712, -4.376, 1.34, 6.232),
(200, 1, 1, 3.768, 1.523, -0.248, -2.781, 1.487, 0.627, -3.539, -3.582, -3.69, -4.353, 1.356, 6.275),
(201, 1, 1, 3.735, 1.529, -0.209, -2.768, 1.451, 0.65, -3.539, -3.552, -3.673, -4.297, 1.438, 6.356),
(202, 1, 1, 3.755, 1.529, -0.229, -2.778, 1.471, 0.641, -3.552, -3.552, -3.69, -4.284, 1.415, 6.337),
(203, 1, 1, 3.758, 1.578, -0.183, -2.804, 1.448, 0.69, -3.556, -3.539, -3.722, -4.248, 1.422, 6.35),
(204, 1, 1, 3.761, 1.572, -0.193, -2.801, 1.454, 0.68, -3.598, -3.572, -3.775, -4.271, 1.467, 6.379),
(205, 1, 1, 3.81, 1.634, -0.18, -2.856, 1.474, 0.719, -3.641, -3.588, -3.81, -4.288, 1.49, 6.422),
(206, 1, 1, 3.843, 1.69, -0.157, -2.902, 1.477, 0.758, -3.683, -3.565, -3.81, -4.284, 1.471, 6.435),
(207, 1, 1, 3.856, 1.683, -0.176, -2.905, 1.493, 0.745, -3.735, -3.618, -3.873, -4.327, 1.467, 6.428),
(208, 1, 1, 3.863, 1.582, -0.284, -2.856, 1.552, 0.641, -3.712, -3.631, -3.925, -4.379, 1.402, 6.386),
(209, 1, 1, 3.791, 1.588, -0.206, -2.824, 1.477, 0.683, -3.693, -3.634, -3.922, -4.373, 1.454, 6.415),
(210, 1, 1, 3.853, 1.68, -0.176, -2.902, 1.493, 0.742, -3.634, -3.595, -3.882, -4.356, 1.444, 6.389),
(211, 1, 1, 3.781, 1.641, -0.144, -2.846, 1.441, 0.739, -3.601, -3.592, -3.869, -4.346, 1.422, 6.359),
(212, 1, 1, 3.67, 1.493, -0.18, -2.716, 1.402, 0.647, -3.575, -3.598, -3.879, -4.356, 1.373, 6.33),
(213, 1, 1, 3.739, 1.536, -0.206, -2.771, 1.451, 0.657, -3.542, -3.539, -3.83, -4.314, 1.431, 6.356),
(214, 1, 1, 3.683, 1.48, -0.206, -2.716, 1.422, 0.627, -3.529, -3.536, -3.837, -4.33, 1.412, 6.327),
(215, 1, 1, 3.686, 1.533, -0.157, -2.745, 1.399, 0.68, -3.549, -3.565, -3.856, -4.34, 1.435, 6.343),
(216, 1, 1, 3.657, 1.493, -0.167, -2.709, 1.389, 0.654, -3.536, -3.556, -3.85, -4.359, 1.399, 6.31),
(217, 1, 1, 3.634, 1.49, -0.147, -2.696, 1.369, 0.663, -3.513, -3.539, -3.843, -4.366, 1.408, 6.32),
(218, 1, 1, 3.637, 1.418, -0.222, -2.663, 1.408, 0.588, -3.474, -3.497, -3.843, -4.395, 1.34, 6.229),
(219, 1, 1, 3.582, 1.451, -0.134, -2.65, 1.337, 0.65, -3.35, -3.412, -3.791, -4.356, 1.324, 6.173),
(220, 1, 1, 3.634, 1.444, -0.193, -2.673, 1.392, 0.618, -3.297, -3.297, -3.66, -4.216, 1.369, 6.203),
(221, 1, 1, 3.892, 1.735, -0.16, -2.948, 1.503, 0.778, -3.373, -3.114, -3.304, -3.791, 1.67, 6.451),
(222, 1, 1, 4.379, 2.16, -0.222, -3.405, 1.778, 0.961, -3.706, -2.948, -2.879, -3.219, 2.167, 6.964),
(223, 1, 1, 4.807, 2.265, -0.546, -3.67, 2.154, 0.853, -4.003, -2.866, -2.647, -2.922, 2.373, 7.265),
(224, 1, 1, 4.353, 2.212, -0.144, -3.418, 1.725, 1.026, -4.016, -3.386, -3.229, -3.461, 2.265, 7.255),
(225, 1, 1, 3.987, 1.34, -0.65, -2.797, 1.797, 0.337, -3.51, -3.239, -3.627, -4.19, 1.458, 6.454),
(226, 1, 1, 3.889, 1.301, -0.592, -2.729, 1.719, 0.346, -3.386, -3.288, -3.716, -4.294, 1.395, 6.343),
(227, 1, 1, 3.791, 1.343, -0.451, -2.703, 1.598, 0.438, -3.507, -3.51, -3.895, -4.422, 1.379, 6.297),
(228, 1, 1, 3.709, 1.353, -0.359, -2.667, 1.513, 0.487, -3.484, -3.542, -3.908, -4.405, 1.438, 6.294),
(229, 1, 1, 3.686, 1.346, -0.343, -2.65, 1.493, 0.493, -3.451, -3.513, -3.869, -4.376, 1.461, 6.294),
(230, 1, 1, 3.631, 1.31, -0.324, -2.605, 1.454, 0.484, -3.451, -3.52, -3.876, -4.399, 1.461, 6.297),
(231, 1, 1, 3.667, 1.294, -0.376, -2.614, 1.5, 0.451, -3.454, -3.516, -3.859, -4.422, 1.458, 6.294),
(232, 1, 1, 3.696, 1.307, -0.392, -2.637, 1.523, 0.448, -3.441, -3.503, -3.784, -4.369, 1.471, 6.31),
(233, 1, 1, 3.641, 1.271, -0.373, -2.592, 1.484, 0.441, -3.438, -3.513, -3.781, -4.363, 1.467, 6.307),
(234, 1, 1, 3.673, 1.363, -0.314, -2.654, 1.471, 0.516, -3.405, -3.471, -3.712, -4.324, 1.507, 6.346),
(235, 1, 1, 3.663, 1.412, -0.255, -2.673, 1.438, 0.569, -3.399, -3.461, -3.686, -4.307, 1.542, 6.386),
(236, 1, 1, 3.69, 1.382, -0.31, -2.67, 1.477, 0.526, -3.451, -3.5, -3.742, -4.359, 1.513, 6.356),
(237, 1, 1, 3.614, 1.422, -0.196, -2.654, 1.382, 0.605, -3.438, -3.467, -3.719, -4.337, 1.546, 6.386),
(238, 1, 1, 3.663, 1.392, -0.275, -2.663, 1.448, 0.549, -3.484, -3.467, -3.732, -4.34, 1.556, 6.395),
(239, 1, 1, 3.631, 1.399, -0.235, -2.65, 1.412, 0.572, -3.493, -3.461, -3.742, -4.33, 1.546, 6.382),
(240, 1, 1, 3.66, 1.425, -0.239, -2.676, 1.428, 0.585, -3.516, -3.471, -3.752, -4.333, 1.565, 6.395),
(241, 1, 1, 3.676, 1.399, -0.281, -2.673, 1.458, 0.549, -3.513, -3.477, -3.748, -4.33, 1.552, 6.373),
(242, 1, 1, 3.683, 1.431, -0.255, -2.693, 1.448, 0.578, -3.474, -3.438, -3.696, -4.265, 1.585, 6.399),
(243, 1, 1, 3.65, 1.444, -0.209, -2.683, 1.408, 0.608, -3.431, -3.405, -3.647, -4.222, 1.605, 6.425),
(244, 1, 1, 3.696, 1.454, -0.245, -2.709, 1.448, 0.595, -3.431, -3.395, -3.601, -4.18, 1.595, 6.412),
(245, 1, 1, 3.725, 1.458, -0.271, -2.725, 1.477, 0.585, -3.408, -3.363, -3.529, -4.114, 1.621, 6.438),
(246, 1, 1, 3.758, 1.474, -0.288, -2.752, 1.5, 0.585, -3.412, -3.353, -3.493, -4.075, 1.627, 6.438),
(247, 1, 1, 3.778, 1.497, -0.284, -2.771, 1.51, 0.598, -3.405, -3.297, -3.422, -3.997, 1.65, 6.454),
(248, 1, 1, 3.814, 1.529, -0.288, -2.807, 1.529, 0.611, -3.435, -3.271, -3.379, -3.944, 1.644, 6.435),
(249, 1, 1, 3.804, 1.572, -0.235, -2.824, 1.497, 0.66, -3.454, -3.219, -3.314, -3.869, 1.693, 6.487),
(250, 1, 1, 3.895, 1.644, -0.255, -2.905, 1.552, 0.686, -3.48, -3.167, -3.255, -3.797, 1.761, 6.549),
(251, 1, 1, 3.863, 1.66, -0.206, -2.895, 1.513, 0.719, -3.507, -3.147, -3.252, -3.758, 1.771, 6.559),
(252, 1, 1, 3.869, 1.683, -0.19, -2.912, 1.507, 0.739, -3.523, -3.131, -3.265, -3.735, 1.758, 6.542),
(253, 1, 1, 3.899, 1.663, -0.239, -2.915, 1.546, 0.703, -3.572, -3.173, -3.314, -3.781, 1.699, 6.5),
(254, 1, 1, 3.853, 1.716, -0.141, -2.918, 1.474, 0.778, -3.565, -3.206, -3.379, -3.824, 1.716, 6.526),
(255, 1, 1, 3.837, 1.693, -0.147, -2.899, 1.471, 0.765, -3.572, -3.284, -3.467, -3.935, 1.637, 6.467),
(256, 1, 1, 3.765, 1.621, -0.147, -2.827, 1.435, 0.729, -3.588, -3.376, -3.493, -4.062, 1.562, 6.418),
(257, 1, 1, 3.745, 1.572, -0.176, -2.794, 1.438, 0.69, -3.592, -3.428, -3.549, -4.147, 1.552, 6.431),
(258, 1, 1, 3.739, 1.552, -0.19, -2.781, 1.441, 0.673, -3.585, -3.461, -3.572, -4.186, 1.549, 6.428),
(259, 1, 1, 3.676, 1.451, -0.229, -2.699, 1.431, 0.601, -3.559, -3.477, -3.641, -4.203, 1.52, 6.412),
(260, 1, 1, 3.676, 1.458, -0.222, -2.703, 1.428, 0.608, -3.559, -3.497, -3.68, -4.225, 1.49, 6.392),
(261, 1, 1, 3.722, 1.52, -0.206, -2.755, 1.441, 0.647, -3.539, -3.484, -3.676, -4.232, 1.484, 6.399),
(262, 1, 1, 3.66, 1.487, -0.176, -2.709, 1.395, 0.647, -3.529, -3.487, -3.693, -4.242, 1.507, 6.412),
(263, 1, 1, 3.67, 1.474, -0.199, -2.706, 1.412, 0.627, -3.549, -3.523, -3.735, -4.271, 1.52, 6.444),
(264, 1, 1, 3.654, 1.503, -0.154, -2.712, 1.382, 0.667, -3.507, -3.493, -3.719, -4.252, 1.497, 6.431),
(265, 1, 1, 3.686, 1.539, -0.15, -2.748, 1.395, 0.686, -3.523, -3.526, -3.758, -4.275, 1.5, 6.451),
(266, 1, 1, 3.65, 1.513, -0.141, -2.716, 1.373, 0.676, -3.507, -3.529, -3.765, -4.271, 1.493, 6.448),
(267, 1, 1, 3.729, 1.513, -0.219, -2.755, 1.451, 0.637, -3.536, -3.559, -3.788, -4.297, 1.467, 6.435),
(268, 1, 1, 3.585, 1.467, -0.121, -2.66, 1.33, 0.663, -3.477, -3.542, -3.771, -4.281, 1.474, 6.428),
(269, 1, 1, 3.654, 1.493, -0.163, -2.709, 1.386, 0.657, -3.477, -3.542, -3.761, -4.271, 1.51, 6.49),
(270, 1, 1, 3.641, 1.52, -0.124, -2.716, 1.359, 0.69, -3.461, -3.523, -3.742, -4.258, 1.477, 6.461),
(271, 1, 1, 3.716, 1.575, -0.144, -2.781, 1.408, 0.706, -3.487, -3.536, -3.771, -4.297, 1.461, 6.464),
(272, 1, 1, 3.68, 1.503, -0.18, -2.725, 1.408, 0.654, -3.533, -3.585, -3.837, -4.359, 1.408, 6.395),
(273, 1, 1, 3.752, 1.592, -0.163, -2.807, 1.435, 0.706, -3.52, -3.552, -3.827, -4.359, 1.415, 6.431),
(274, 1, 1, 3.595, 1.487, -0.111, -2.676, 1.33, 0.68, -3.51, -3.523, -3.84, -4.366, 1.51, 6.474),
(275, 1, 1, 3.654, 1.523, -0.134, -2.722, 1.373, 0.686, -3.497, -3.5, -3.856, -4.386, 1.52, 6.497),
(276, 1, 1, 3.654, 1.536, -0.121, -2.729, 1.366, 0.699, -3.48, -3.484, -3.859, -4.402, 1.484, 6.477),
(277, 1, 1, 3.627, 1.507, -0.124, -2.703, 1.353, 0.683, -3.464, -3.477, -3.846, -4.395, 1.536, 6.503),
(278, 1, 1, 3.65, 1.549, -0.105, -2.735, 1.356, 0.712, -3.441, -3.474, -3.824, -4.412, 1.513, 6.484),
(279, 1, 1, 3.585, 1.503, -0.085, -2.68, 1.314, 0.699, -3.395, -3.441, -3.781, -4.402, 1.487, 6.448),
(280, 1, 1, 3.693, 1.523, -0.173, -2.742, 1.412, 0.667, -3.422, -3.467, -3.771, -4.412, 1.444, 6.389),
(281, 1, 1, 3.663, 1.467, -0.199, -2.699, 1.408, 0.624, -3.431, -3.507, -3.765, -4.438, 1.471, 6.422),
(282, 1, 1, 3.641, 1.556, -0.088, -2.732, 1.343, 0.725, -3.369, -3.451, -3.686, -4.366, 1.552, 6.497),
(283, 1, 1, 3.641, 1.588, -0.056, -2.748, 1.327, 0.758, -3.379, -3.448, -3.663, -4.34, 1.621, 6.562),
(284, 1, 1, 3.693, 1.627, -0.069, -2.794, 1.359, 0.771, -3.428, -3.461, -3.667, -4.327, 1.578, 6.526),
(285, 1, 1, 3.696, 1.618, -0.082, -2.791, 1.366, 0.758, -3.448, -3.464, -3.667, -4.324, 1.5, 6.428),
(286, 1, 1, 3.797, 1.66, -0.141, -2.863, 1.448, 0.752, -3.52, -3.497, -3.68, -4.327, 1.467, 6.438),
(287, 1, 1, 3.778, 1.667, -0.114, -2.856, 1.425, 0.768, -3.552, -3.5, -3.68, -4.297, 1.605, 6.536),
(288, 1, 1, 3.794, 1.686, -0.111, -2.876, 1.431, 0.778, -3.614, -3.523, -3.703, -4.291, 1.627, 6.552),
(289, 1, 1, 3.771, 1.657, -0.118, -2.85, 1.422, 0.761, -3.621, -3.536, -3.732, -4.307, 1.582, 6.523),
(290, 1, 1, 3.837, 1.601, -0.239, -2.853, 1.516, 0.673, -3.624, -3.552, -3.771, -4.337, 1.516, 6.487),
(291, 1, 1, 3.882, 1.575, -0.31, -2.863, 1.575, 0.624, -3.624, -3.562, -3.778, -4.343, 1.471, 6.441),
(292, 1, 1, 3.768, 1.569, -0.203, -2.804, 1.464, 0.673, -3.556, -3.546, -3.735, -4.301, 1.471, 6.428),
(293, 1, 1, 3.716, 1.526, -0.193, -2.755, 1.431, 0.657, -3.516, -3.578, -3.739, -4.284, 1.464, 6.415),
(294, 1, 1, 3.709, 1.464, -0.248, -2.722, 1.458, 0.598, -3.48, -3.565, -3.709, -4.268, 1.464, 6.418),
(295, 1, 1, 3.614, 1.395, -0.222, -2.641, 1.395, 0.578, -3.431, -3.539, -3.683, -4.284, 1.399, 6.346),
(296, 1, 1, 3.683, 1.356, -0.33, -2.654, 1.484, 0.503, -3.438, -3.542, -3.618, -4.317, 1.402, 6.33),
(297, 1, 1, 3.608, 1.275, -0.337, -2.575, 1.451, 0.461, -3.379, -3.474, -3.585, -4.275, 1.471, 6.392),
(298, 1, 1, 3.621, 1.042, -0.582, -2.467, 1.578, 0.222, -3.291, -3.382, -3.523, -4.193, 1.542, 6.461),
(299, 1, 1, 3.663, 0.765, -0.902, -2.35, 1.761, -0.078, -3.216, -3.307, -3.458, -4.114, 1.598, 6.51),
(300, 1, 1, 3.592, 0.614, -0.98, -2.239, 1.765, -0.193, -3.134, -3.252, -3.431, -4.127, 1.529, 6.405),
(301, 1, 1, 3.51, 0.706, -0.807, -2.242, 1.637, -0.059, -3.026, -3.183, -3.412, -4.127, 1.516, 6.35),
(302, 1, 1, 3.585, 0.882, -0.706, -2.369, 1.624, 0.078, -3.016, -3.082, -3.284, -4.013, 1.582, 6.366),
(303, 1, 1, 3.912, 1.252, -0.663, -2.716, 1.765, 0.284, -3.144, -2.843, -2.866, -3.549, 1.882, 6.634),
(304, 1, 1, 4.392, 1.797, -0.598, -3.229, 1.974, 0.592, -3.487, -2.595, -2.356, -2.908, 2.435, 7.203),
(305, 1, 1, 4.722, 1.98, -0.745, -3.487, 2.212, 0.611, -3.778, -2.595, -2.176, -2.69, 2.631, 7.5),
(306, 1, 1, 4.219, 1.876, -0.346, -3.183, 1.761, 0.758, -3.788, -3.222, -3.003, -3.435, 2.363, 7.32),
(307, 1, 1, 3.974, 1.144, -0.833, -2.693, 1.882, 0.147, -3.356, -3.167, -3.513, -4.242, 1.484, 6.461),
(308, 1, 1, 3.797, 1.216, -0.585, -2.641, 1.67, 0.307, -3.333, -3.32, -3.699, -4.451, 1.337, 6.288),
(309, 1, 1, 3.801, 1.464, -0.34, -2.768, 1.549, 0.552, -3.51, -3.526, -3.889, -4.585, 1.314, 6.255),
(310, 1, 1, 3.722, 1.529, -0.196, -2.761, 1.438, 0.657, -3.507, -3.539, -3.922, -4.601, 1.333, 6.232),
(311, 1, 1, 3.686, 1.49, -0.199, -2.722, 1.422, 0.637, -3.516, -3.569, -3.977, -4.654, 1.291, 6.183),
(312, 1, 1, 3.709, 1.559, -0.154, -2.768, 1.408, 0.693, -3.51, -3.582, -4.01, -4.654, 1.301, 6.206),
(313, 1, 1, 3.66, 1.611, -0.052, -2.771, 1.333, 0.771, -3.49, -3.569, -4.013, -4.637, 1.324, 6.219),
(314, 1, 1, 3.729, 1.69, -0.042, -2.843, 1.363, 0.814, -3.513, -3.592, -4.056, -4.647, 1.294, 6.19),
(315, 1, 1, 3.742, 1.81, 0.065, -2.912, 1.317, 0.928, -3.536, -3.614, -4.095, -4.647, 1.248, 6.131),
(316, 1, 1, 3.706, 1.899, 0.19, -2.938, 1.235, 1.036, -3.585, -3.65, -4.075, -4.65, 1.245, 6.111),
(317, 1, 1, 3.696, 1.873, 0.173, -2.918, 1.239, 1.013, -3.592, -3.657, -3.984, -4.621, 1.248, 6.114),
(318, 1, 1, 3.716, 1.716, -0.003, -2.85, 1.337, 0.846, -3.556, -3.614, -3.876, -4.559, 1.235, 6.095),
(319, 1, 1, 3.699, 1.627, -0.075, -2.797, 1.366, 0.768, -3.507, -3.562, -3.765, -4.5, 1.239, 6.098),
(320, 1, 1, 3.735, 1.611, -0.127, -2.807, 1.408, 0.732, -3.438, -3.484, -3.631, -4.399, 1.369, 6.222),
(321, 1, 1, 3.739, 1.546, -0.196, -2.778, 1.444, 0.667, -3.461, -3.49, -3.634, -4.389, 1.458, 6.265),
(322, 1, 1, 3.758, 1.552, -0.209, -2.791, 1.461, 0.663, -3.474, -3.52, -3.67, -4.418, 1.425, 6.235),
(323, 1, 1, 3.771, 1.585, -0.19, -2.814, 1.458, 0.69, -3.461, -3.474, -3.654, -4.382, 1.412, 6.245),
(324, 1, 1, 3.81, 1.601, -0.212, -2.84, 1.49, 0.686, -3.474, -3.474, -3.663, -4.389, 1.428, 6.248),
(325, 1, 1, 3.761, 1.585, -0.18, -2.807, 1.448, 0.693, -3.454, -3.444, -3.663, -4.366, 1.428, 6.239),
(326, 1, 1, 3.797, 1.598, -0.203, -2.833, 1.477, 0.69, -3.477, -3.451, -3.699, -4.359, 1.408, 6.225),
(327, 1, 1, 3.82, 1.588, -0.235, -2.84, 1.507, 0.667, -3.51, -3.464, -3.719, -4.34, 1.474, 6.265),
(328, 1, 1, 3.846, 1.618, -0.232, -2.866, 1.516, 0.683, -3.487, -3.395, -3.686, -4.265, 1.516, 6.314),
(329, 1, 1, 3.833, 1.631, -0.206, -2.866, 1.497, 0.703, -3.5, -3.359, -3.637, -4.203, 1.546, 6.337),
(330, 1, 1, 3.869, 1.611, -0.261, -2.876, 1.542, 0.667, -3.52, -3.333, -3.536, -4.167, 1.49, 6.288),
(331, 1, 1, 3.967, 1.654, -0.317, -2.944, 1.621, 0.66, -3.542, -3.304, -3.395, -4.108, 1.533, 6.317),
(332, 1, 1, 3.931, 1.706, -0.229, -2.954, 1.559, 0.729, -3.549, -3.252, -3.31, -4.039, 1.598, 6.382),
(333, 1, 1, 3.935, 1.699, -0.239, -2.951, 1.565, 0.722, -3.565, -3.252, -3.278, -4, 1.598, 6.379),
(334, 1, 1, 4.026, 1.693, -0.337, -2.993, 1.66, 0.67, -3.601, -3.271, -3.304, -4.007, 1.516, 6.337),
(335, 1, 1, 4.059, 1.745, -0.317, -3.036, 1.667, 0.706, -3.582, -3.265, -3.324, -3.987, 1.585, 6.392),
(336, 1, 1, 4.033, 1.722, -0.314, -3.013, 1.65, 0.696, -3.582, -3.317, -3.399, -4.029, 1.605, 6.422),
(337, 1, 1, 3.928, 1.641, -0.291, -2.918, 1.588, 0.667, -3.598, -3.415, -3.533, -4.147, 1.533, 6.386),
(338, 1, 1, 3.954, 1.637, -0.32, -2.931, 1.614, 0.65, -3.569, -3.454, -3.627, -4.216, 1.513, 6.405),
(339, 1, 1, 3.85, 1.601, -0.252, -2.859, 1.529, 0.667, -3.539, -3.477, -3.686, -4.278, 1.477, 6.379),
(340, 1, 1, 3.886, 1.559, -0.33, -2.856, 1.585, 0.605, -3.546, -3.523, -3.768, -4.35, 1.435, 6.33),
(341, 1, 1, 3.895, 1.562, -0.337, -2.863, 1.595, 0.605, -3.533, -3.526, -3.797, -4.359, 1.461, 6.363),
(342, 1, 1, 3.739, 1.542, -0.199, -2.775, 1.448, 0.663, -3.51, -3.526, -3.83, -4.379, 1.464, 6.356),
(343, 1, 1, 3.817, 1.542, -0.278, -2.814, 1.526, 0.624, -3.5, -3.52, -3.84, -4.405, 1.415, 6.327),
(344, 1, 1, 3.879, 1.578, -0.304, -2.863, 1.569, 0.627, -3.507, -3.526, -3.85, -4.418, 1.412, 6.324),
(345, 1, 1, 3.788, 1.529, -0.261, -2.794, 1.503, 0.624, -3.51, -3.533, -3.827, -4.415, 1.379, 6.281),
(346, 1, 1, 3.82, 1.487, -0.337, -2.788, 1.556, 0.565, -3.516, -3.536, -3.817, -4.405, 1.369, 6.271),
(347, 1, 1, 3.725, 1.461, -0.268, -2.729, 1.474, 0.588, -3.507, -3.536, -3.788, -4.376, 1.444, 6.33),
(348, 1, 1, 3.81, 1.542, -0.271, -2.81, 1.52, 0.627, -3.516, -3.52, -3.761, -4.366, 1.451, 6.34),
(349, 1, 1, 3.82, 1.539, -0.284, -2.814, 1.529, 0.618, -3.516, -3.51, -3.732, -4.363, 1.431, 6.32),
(350, 1, 1, 3.807, 1.533, -0.278, -2.804, 1.52, 0.618, -3.461, -3.422, -3.585, -4.199, 1.542, 6.389),
(351, 1, 1, 3.778, 1.781, 0, -2.915, 1.366, 0.882, -3.382, -3.186, -3.17, -3.696, 1.895, 6.627),
(352, 1, 1, 3.827, 1.876, 0.046, -2.987, 1.369, 0.951, -3.212, -2.81, -2.703, -3.245, 2.01, 6.608),
(353, 1, 1, 3.755, 1.804, 0.046, -2.915, 1.333, 0.915, -3.039, -2.539, -2.565, -3.327, 1.676, 6.232),
(354, 1, 1, 3.696, 1.546, -0.154, -2.755, 1.402, 0.686, -2.922, -2.399, -2.67, -3.67, 1.261, 5.784),
(355, 1, 1, 3.886, 0.902, -0.987, -2.529, 1.915, -0.052, -2.771, -2.212, -2.745, -3.925, 0.771, 5.307),
(356, 1, 1, 3.99, 0.889, -1.105, -2.575, 2.026, -0.118, -2.984, -2.523, -3.127, -4.239, 0.722, 5.373),
(357, 1, 1, 3.784, 1.092, -0.696, -2.572, 1.719, 0.19, -3.056, -2.915, -3.382, -4.301, 0.964, 5.65),
(358, 1, 1, 3.572, 1.546, -0.029, -2.693, 1.278, 0.748, -3.052, -3.059, -3.255, -3.99, 1.477, 6.127),
(359, 1, 1, 3.676, 1.719, 0.039, -2.833, 1.297, 0.869, -3.049, -2.908, -2.987, -3.712, 1.716, 6.346),
(360, 1, 1, 3.69, 1.68, -0.013, -2.82, 1.33, 0.824, -2.974, -2.775, -2.817, -3.595, 1.745, 6.389),
(361, 1, 1, 3.765, 1.529, -0.239, -2.781, 1.48, 0.637, -2.964, -2.771, -2.902, -3.729, 1.631, 6.327),
(362, 1, 1, 3.752, 1.359, -0.395, -2.69, 1.552, 0.474, -3.065, -2.961, -3.203, -4.007, 1.536, 6.297),
(363, 1, 1, 3.824, 1.317, -0.51, -2.706, 1.644, 0.395, -3.337, -3.35, -3.627, -4.34, 1.497, 6.314),
(364, 1, 1, 3.807, 1.346, -0.464, -2.712, 1.614, 0.431, -3.474, -3.542, -3.807, -4.474, 1.569, 6.399),
(365, 1, 1, 3.824, 1.34, -0.487, -2.716, 1.634, 0.418, -3.542, -3.611, -3.856, -4.52, 1.578, 6.435),
(366, 1, 1, 3.912, 1.369, -0.546, -2.775, 1.706, 0.402, -3.575, -3.624, -3.853, -4.529, 1.559, 6.415),
(367, 1, 1, 3.902, 1.448, -0.458, -2.81, 1.657, 0.487, -3.559, -3.592, -3.791, -4.474, 1.608, 6.49),
(368, 1, 1, 3.899, 1.448, -0.454, -2.807, 1.654, 0.487, -3.585, -3.614, -3.784, -4.474, 1.627, 6.513),
(369, 1, 1, 3.853, 1.484, -0.373, -2.804, 1.592, 0.546, -3.598, -3.631, -3.781, -4.467, 1.673, 6.565),
(370, 1, 1, 3.879, 1.5, -0.382, -2.824, 1.608, 0.549, -3.68, -3.693, -3.817, -4.52, 1.641, 6.539),
(371, 1, 1, 3.81, 1.533, -0.281, -2.807, 1.523, 0.618, -3.703, -3.693, -3.81, -4.526, 1.69, 6.592),
(372, 1, 1, 3.915, 1.611, -0.307, -2.899, 1.588, 0.644, -3.732, -3.709, -3.807, -4.503, 1.735, 6.641),
(373, 1, 1, 3.882, 1.572, -0.314, -2.863, 1.575, 0.621, -3.745, -3.729, -3.82, -4.497, 1.771, 6.676),
(374, 1, 1, 3.899, 1.578, -0.324, -2.873, 1.588, 0.618, -3.775, -3.765, -3.873, -4.503, 1.791, 6.703),
(375, 1, 1, 3.928, 1.595, -0.337, -2.895, 1.611, 0.621, -3.794, -3.791, -3.895, -4.49, 1.814, 6.725),
(376, 1, 1, 3.948, 1.611, -0.34, -2.915, 1.621, 0.627, -3.784, -3.794, -3.873, -4.438, 1.889, 6.817),
(377, 1, 1, 4.003, 1.706, -0.301, -2.99, 1.631, 0.696, -3.807, -3.814, -3.853, -4.382, 1.958, 6.892),
(378, 1, 1, 4.108, 1.725, -0.386, -3.052, 1.725, 0.663, -3.853, -3.84, -3.837, -4.333, 1.977, 6.915),
(379, 1, 1, 4.111, 1.771, -0.343, -3.075, 1.706, 0.706, -3.866, -3.83, -3.771, -4.235, 2.026, 6.977),
(380, 1, 1, 4.216, 1.876, -0.343, -3.18, 1.758, 0.758, -3.899, -3.817, -3.719, -4.16, 2.085, 7.042),
(381, 1, 1, 4.147, 1.873, -0.278, -3.144, 1.69, 0.791, -3.928, -3.827, -3.706, -4.127, 2.121, 7.069),
(382, 1, 1, 4.225, 1.902, -0.327, -3.199, 1.755, 0.781, -3.912, -3.775, -3.66, -4.095, 2.105, 7.046),
(383, 1, 1, 4.239, 1.931, -0.31, -3.219, 1.752, 0.804, -3.882, -3.719, -3.637, -4.088, 2.069, 7),
(384, 1, 1, 4.15, 1.843, -0.31, -3.131, 1.709, 0.758, -3.853, -3.68, -3.644, -4.114, 1.961, 6.876),
(385, 1, 1, 4.141, 1.84, -0.304, -3.124, 1.699, 0.761, -3.81, -3.614, -3.65, -4.111, 1.915, 6.81),
(386, 1, 1, 4.069, 1.748, -0.324, -3.042, 1.673, 0.706, -3.765, -3.565, -3.663, -4.134, 1.837, 6.732),
(387, 1, 1, 3.997, 1.712, -0.288, -2.99, 1.621, 0.706, -3.722, -3.523, -3.67, -4.15, 1.768, 6.657),
(388, 1, 1, 3.997, 1.739, -0.261, -3.003, 1.608, 0.732, -3.667, -3.471, -3.595, -4.127, 1.739, 6.614),
(389, 1, 1, 3.912, 1.644, -0.271, -2.912, 1.569, 0.676, -3.611, -3.448, -3.549, -4.131, 1.699, 6.565),
(390, 1, 1, 3.889, 1.539, -0.353, -2.85, 1.598, 0.585, -3.556, -3.431, -3.523, -4.141, 1.66, 6.526),
(391, 1, 1, 3.85, 1.444, -0.408, -2.781, 1.608, 0.51, -3.503, -3.402, -3.441, -4.111, 1.667, 6.542),
(392, 1, 1, 3.807, 1.369, -0.441, -2.722, 1.601, 0.454, -3.461, -3.363, -3.412, -4.092, 1.673, 6.546),
(393, 1, 1, 3.758, 1.278, -0.484, -2.654, 1.598, 0.389, -3.444, -3.363, -3.428, -4.085, 1.69, 6.552),
(394, 1, 1, 3.755, 1.288, -0.471, -2.657, 1.592, 0.399, -3.461, -3.379, -3.464, -4.098, 1.68, 6.539),
(395, 1, 1, 3.719, 1.337, -0.386, -2.663, 1.529, 0.467, -3.461, -3.392, -3.477, -4.121, 1.66, 6.516),
(396, 1, 1, 3.784, 1.405, -0.382, -2.729, 1.562, 0.503, -3.474, -3.408, -3.507, -4.124, 1.644, 6.51),
(397, 1, 1, 3.775, 1.389, -0.389, -2.716, 1.559, 0.49, -3.48, -3.428, -3.529, -4.141, 1.611, 6.487),
(398, 1, 1, 3.742, 1.422, -0.324, -2.716, 1.51, 0.539, -3.477, -3.451, -3.549, -4.16, 1.624, 6.516),
(399, 1, 1, 3.797, 1.484, -0.317, -2.775, 1.536, 0.575, -3.477, -3.471, -3.585, -4.196, 1.598, 6.48),
(400, 1, 1, 3.712, 1.513, -0.203, -2.748, 1.435, 0.647, -3.464, -3.48, -3.608, -4.216, 1.608, 6.474),
(401, 1, 1, 3.686, 1.533, -0.157, -2.745, 1.399, 0.68, -3.448, -3.471, -3.618, -4.222, 1.618, 6.484),
(402, 1, 1, 3.735, 1.542, -0.196, -2.775, 1.444, 0.663, -3.458, -3.497, -3.657, -4.258, 1.605, 6.435),
(403, 1, 1, 3.66, 1.497, -0.167, -2.712, 1.392, 0.657, -3.448, -3.516, -3.68, -4.301, 1.562, 6.412),
(404, 1, 1, 3.696, 1.572, -0.127, -2.768, 1.389, 0.712, -3.467, -3.539, -3.706, -4.327, 1.539, 6.392),
(405, 1, 1, 3.745, 1.631, -0.118, -2.824, 1.408, 0.748, -3.526, -3.601, -3.768, -4.386, 1.529, 6.386),
(406, 1, 1, 3.742, 1.65, -0.095, -2.83, 1.395, 0.768, -3.523, -3.585, -3.784, -4.412, 1.477, 6.346),
(407, 1, 1, 3.66, 1.716, 0.052, -2.824, 1.281, 0.876, -3.477, -3.539, -3.771, -4.405, 1.542, 6.399),
(408, 1, 1, 3.66, 1.647, -0.016, -2.788, 1.317, 0.807, -3.49, -3.546, -3.797, -4.428, 1.529, 6.382),
(409, 1, 1, 3.667, 1.572, -0.098, -2.755, 1.359, 0.729, -3.5, -3.556, -3.837, -4.451, 1.549, 6.389),
(410, 1, 1, 3.703, 1.605, -0.101, -2.788, 1.379, 0.742, -3.464, -3.513, -3.82, -4.425, 1.585, 6.422),
(411, 1, 1, 3.719, 1.523, -0.199, -2.755, 1.438, 0.654, -3.484, -3.533, -3.846, -4.48, 1.529, 6.379),
(412, 1, 1, 3.663, 1.471, -0.196, -2.703, 1.408, 0.627, -3.448, -3.497, -3.807, -4.474, 1.536, 6.379),
(413, 1, 1, 3.654, 1.507, -0.15, -2.716, 1.379, 0.67, -3.415, -3.49, -3.784, -4.467, 1.477, 6.327),
(414, 1, 1, 3.712, 1.464, -0.252, -2.722, 1.461, 0.598, -3.408, -3.5, -3.761, -4.484, 1.497, 6.346),
(415, 1, 1, 3.69, 1.405, -0.288, -2.683, 1.467, 0.549, -3.431, -3.533, -3.761, -4.516, 1.542, 6.392),
(416, 1, 1, 3.719, 1.507, -0.216, -2.748, 1.444, 0.637, -3.386, -3.477, -3.699, -4.471, 1.569, 6.412),
(417, 1, 1, 3.631, 1.435, -0.199, -2.667, 1.392, 0.608, -3.405, -3.503, -3.712, -4.48, 1.562, 6.408),
(418, 1, 1, 3.781, 1.542, -0.242, -2.797, 1.49, 0.641, -3.373, -3.464, -3.67, -4.444, 1.592, 6.444),
(419, 1, 1, 3.699, 1.529, -0.173, -2.748, 1.415, 0.67, -3.389, -3.477, -3.67, -4.435, 1.611, 6.451),
(420, 1, 1, 3.722, 1.464, -0.261, -2.729, 1.471, 0.592, -3.425, -3.5, -3.703, -4.461, 1.539, 6.395),
(421, 1, 1, 3.748, 1.507, -0.245, -2.761, 1.474, 0.621, -3.454, -3.513, -3.716, -4.464, 1.513, 6.366),
(422, 1, 1, 3.739, 1.484, -0.258, -2.745, 1.477, 0.605, -3.461, -3.52, -3.729, -4.454, 1.49, 6.356),
(423, 1, 1, 3.722, 1.441, -0.284, -2.716, 1.48, 0.569, -3.444, -3.493, -3.716, -4.425, 1.536, 6.392),
(424, 1, 1, 3.699, 1.448, -0.255, -2.709, 1.454, 0.588, -3.458, -3.516, -3.742, -4.428, 1.549, 6.405),
(425, 1, 1, 3.742, 1.444, -0.301, -2.729, 1.5, 0.562, -3.48, -3.546, -3.768, -4.441, 1.48, 6.359),
(426, 1, 1, 3.703, 1.451, -0.255, -2.712, 1.458, 0.588, -3.461, -3.536, -3.742, -4.402, 1.526, 6.418),
(427, 1, 1, 3.752, 1.422, -0.333, -2.722, 1.52, 0.536, -3.484, -3.569, -3.748, -4.395, 1.484, 6.379),
(428, 1, 1, 3.719, 1.422, -0.301, -2.706, 1.487, 0.552, -3.474, -3.572, -3.725, -4.369, 1.474, 6.373),
(429, 1, 1, 3.706, 1.395, -0.314, -2.686, 1.487, 0.533, -3.471, -3.585, -3.69, -4.337, 1.513, 6.402),
(430, 1, 1, 3.725, 1.353, -0.376, -2.673, 1.529, 0.48, -3.477, -3.572, -3.66, -4.327, 1.493, 6.376),
(431, 1, 1, 3.69, 1.232, -0.461, -2.595, 1.552, 0.376, -3.461, -3.546, -3.621, -4.301, 1.507, 6.395),
(432, 1, 1, 3.768, 1.065, -0.706, -2.552, 1.716, 0.17, -3.376, -3.448, -3.523, -4.225, 1.575, 6.458),
(433, 1, 1, 3.676, 0.644, -1.036, -2.294, 1.833, -0.206, -3.235, -3.307, -3.405, -4.108, 1.68, 6.562),
(434, 1, 1, 3.755, 0.542, -1.216, -2.284, 1.964, -0.346, -3.225, -3.288, -3.392, -4.095, 1.729, 6.598),
(435, 1, 1, 3.781, 0.732, -1.052, -2.392, 1.895, -0.17, -3.252, -3.317, -3.435, -4.121, 1.729, 6.582),
(436, 1, 1, 3.784, 0.837, -0.951, -2.444, 1.846, -0.065, -3.317, -3.389, -3.526, -4.222, 1.654, 6.497),
(437, 1, 1, 3.686, 0.886, -0.804, -2.422, 1.722, 0.033, -3.307, -3.392, -3.556, -4.268, 1.621, 6.458),
(438, 1, 1, 3.696, 0.974, -0.725, -2.471, 1.69, 0.114, -3.376, -3.458, -3.627, -4.343, 1.582, 6.422),
(439, 1, 1, 3.696, 1.092, -0.608, -2.529, 1.631, 0.232, -3.395, -3.464, -3.624, -4.386, 1.578, 6.408),
(440, 1, 1, 3.722, 1.17, -0.556, -2.582, 1.618, 0.297, -3.412, -3.471, -3.663, -4.428, 1.575, 6.408),
(441, 1, 1, 3.765, 1.252, -0.516, -2.644, 1.618, 0.359, -3.458, -3.5, -3.676, -4.507, 1.552, 6.405),
(442, 1, 1, 3.768, 1.307, -0.464, -2.673, 1.595, 0.412, -3.503, -3.539, -3.752, -4.575, 1.503, 6.353),
(443, 1, 1, 3.765, 1.408, -0.359, -2.722, 1.539, 0.516, -3.569, -3.608, -3.892, -4.673, 1.438, 6.297),
(444, 1, 1, 3.712, 1.49, -0.225, -2.735, 1.448, 0.624, -3.572, -3.614, -3.876, -4.732, 1.422, 6.275),
(445, 1, 1, 3.791, 1.464, -0.33, -2.761, 1.539, 0.559, -3.575, -3.631, -4.007, -4.778, 1.379, 6.255),
(446, 1, 1, 3.735, 1.51, -0.229, -2.758, 1.461, 0.631, -3.556, -3.627, -4.049, -4.797, 1.399, 6.271),
(447, 1, 1, 3.768, 1.549, -0.222, -2.794, 1.474, 0.654, -3.572, -3.647, -4.114, -4.824, 1.386, 6.258),
(448, 1, 1, 3.716, 1.624, -0.095, -2.804, 1.382, 0.755, -3.592, -3.673, -4.167, -4.84, 1.343, 6.216),
(449, 1, 1, 3.761, 1.725, -0.039, -2.879, 1.379, 0.833, -3.588, -3.673, -4.167, -4.794, 1.333, 6.199),
(450, 1, 1, 3.824, 1.824, -0.003, -2.958, 1.392, 0.902, -3.611, -3.696, -4.219, -4.758, 1.284, 6.147),
(451, 1, 1, 3.758, 1.892, 0.131, -2.961, 1.291, 1.003, -3.598, -3.67, -4.141, -4.67, 1.317, 6.163),
(452, 1, 1, 3.804, 1.856, 0.049, -2.964, 1.356, 0.944, -3.608, -3.644, -3.931, -4.592, 1.373, 6.199),
(453, 1, 1, 3.837, 1.742, -0.098, -2.925, 1.444, 0.814, -3.575, -3.601, -3.801, -4.539, 1.395, 6.225),
(454, 1, 1, 3.814, 1.631, -0.186, -2.856, 1.477, 0.712, -3.588, -3.605, -3.732, -4.503, 1.422, 6.252),
(455, 1, 1, 3.84, 1.618, -0.225, -2.863, 1.51, 0.686, -3.592, -3.559, -3.627, -4.431, 1.513, 6.327),
(456, 1, 1, 3.922, 1.637, -0.288, -2.915, 1.582, 0.667, -3.644, -3.552, -3.595, -4.415, 1.556, 6.359),
(457, 1, 1, 3.873, 1.578, -0.297, -2.859, 1.562, 0.631, -3.634, -3.578, -3.657, -4.477, 1.464, 6.284),
(458, 1, 1, 3.958, 1.562, -0.399, -2.895, 1.657, 0.572, -3.641, -3.608, -3.739, -4.542, 1.395, 6.239),
(459, 1, 1, 3.912, 1.52, -0.395, -2.85, 1.631, 0.552, -3.598, -3.569, -3.745, -4.513, 1.438, 6.261),
(460, 1, 1, 3.797, 1.503, -0.297, -2.784, 1.526, 0.595, -3.513, -3.539, -3.761, -4.5, 1.493, 6.301),
(461, 1, 1, 3.797, 1.542, -0.258, -2.804, 1.507, 0.634, -3.49, -3.539, -3.81, -4.516, 1.487, 6.294),
(462, 1, 1, 3.837, 1.467, -0.373, -2.788, 1.582, 0.539, -3.507, -3.578, -3.908, -4.575, 1.373, 6.18),
(463, 1, 1, 3.732, 1.408, -0.327, -2.706, 1.507, 0.533, -3.448, -3.533, -3.905, -4.559, 1.363, 6.176),
(464, 1, 1, 3.703, 1.392, -0.314, -2.683, 1.487, 0.529, -3.435, -3.536, -3.902, -4.565, 1.34, 6.163),
(465, 1, 1, 3.791, 1.415, -0.379, -2.739, 1.562, 0.51, -3.425, -3.526, -3.869, -4.549, 1.35, 6.163),
(466, 1, 1, 3.703, 1.324, -0.382, -2.647, 1.52, 0.461, -3.435, -3.556, -3.843, -4.578, 1.343, 6.157),
(467, 1, 1, 3.729, 1.392, -0.34, -2.696, 1.513, 0.516, -3.353, -3.484, -3.745, -4.562, 1.353, 6.15),
(468, 1, 1, 3.624, 1.294, -0.333, -2.595, 1.458, 0.471, -3.275, -3.444, -3.725, -4.592, 1.291, 6.065),
(469, 1, 1, 3.631, 1.353, -0.281, -2.627, 1.435, 0.526, -3.18, -3.307, -3.608, -4.458, 1.314, 6.082),
(470, 1, 1, 3.837, 1.5, -0.34, -2.804, 1.565, 0.572, -3.203, -3.092, -3.294, -4.052, 1.575, 6.304),
(471, 1, 1, 4.382, 1.977, -0.408, -3.314, 1.873, 0.778, -3.487, -2.837, -2.784, -3.399, 2.088, 6.807),
(472, 1, 1, 4.899, 2.288, -0.614, -3.725, 2.235, 0.83, -3.82, -2.716, -2.467, -2.964, 2.444, 7.245),
(473, 1, 1, 4.431, 2.173, -0.261, -3.438, 1.824, 0.948, -3.892, -3.17, -2.912, -3.35, 2.31, 7.255),
(474, 1, 1, 4.098, 1.359, -0.742, -2.863, 1.899, 0.301, -3.48, -3.245, -3.549, -4.203, 1.529, 6.536),
(475, 1, 1, 3.876, 1.114, -0.765, -2.631, 1.797, 0.167, -3.225, -3.154, -3.618, -4.366, 1.369, 6.33),
(476, 1, 1, 3.869, 1.206, -0.667, -2.673, 1.745, 0.261, -3.337, -3.392, -3.797, -4.5, 1.324, 6.281),
(477, 1, 1, 3.758, 1.297, -0.464, -2.663, 1.588, 0.408, -3.346, -3.408, -3.778, -4.435, 1.474, 6.359),
(478, 1, 1, 3.788, 1.373, -0.418, -2.716, 1.582, 0.467, -3.35, -3.428, -3.794, -4.438, 1.477, 6.35),
(479, 1, 1, 3.758, 1.33, -0.431, -2.68, 1.572, 0.441, -3.356, -3.448, -3.801, -4.458, 1.448, 6.333),
(480, 1, 1, 3.758, 1.346, -0.415, -2.686, 1.565, 0.458, -3.346, -3.438, -3.768, -4.451, 1.402, 6.297),
(481, 1, 1, 3.788, 1.317, -0.474, -2.686, 1.608, 0.412, -3.35, -3.431, -3.758, -4.415, 1.415, 6.294),
(482, 1, 1, 3.735, 1.314, -0.425, -2.66, 1.559, 0.435, -3.359, -3.438, -3.761, -4.412, 1.425, 6.281),
(483, 1, 1, 3.775, 1.33, -0.448, -2.686, 1.588, 0.431, -3.359, -3.425, -3.748, -4.395, 1.422, 6.291),
(484, 1, 1, 3.765, 1.31, -0.458, -2.673, 1.588, 0.418, -3.366, -3.425, -3.765, -4.405, 1.408, 6.271),
(485, 1, 1, 3.761, 1.373, -0.392, -2.703, 1.556, 0.48, -3.389, -3.431, -3.765, -4.405, 1.408, 6.268),
(486, 1, 1, 3.768, 1.356, -0.415, -2.696, 1.569, 0.461, -3.379, -3.418, -3.771, -4.399, 1.408, 6.268),
(487, 1, 1, 3.768, 1.389, -0.382, -2.712, 1.552, 0.493, -3.395, -3.425, -3.784, -4.405, 1.386, 6.242),
(488, 1, 1, 3.791, 1.359, -0.435, -2.709, 1.592, 0.454, -3.399, -3.418, -3.788, -4.399, 1.415, 6.261),
(489, 1, 1, 3.775, 1.363, -0.415, -2.703, 1.572, 0.464, -3.379, -3.392, -3.765, -4.369, 1.461, 6.294),
(490, 1, 1, 3.794, 1.386, -0.412, -2.725, 1.582, 0.477, -3.376, -3.373, -3.752, -4.346, 1.487, 6.301),
(491, 1, 1, 3.794, 1.392, -0.405, -2.729, 1.578, 0.484, -3.392, -3.379, -3.755, -4.337, 1.477, 6.304),
(492, 1, 1, 3.791, 1.366, -0.428, -2.712, 1.588, 0.461, -3.405, -3.373, -3.748, -4.314, 1.487, 6.307),
(493, 1, 1, 3.83, 1.379, -0.454, -2.739, 1.621, 0.454, -3.408, -3.353, -3.716, -4.284, 1.503, 6.31),
(494, 1, 1, 3.804, 1.373, -0.435, -2.722, 1.598, 0.461, -3.422, -3.343, -3.703, -4.281, 1.513, 6.31),
(495, 1, 1, 3.856, 1.379, -0.48, -2.752, 1.647, 0.441, -3.458, -3.333, -3.69, -4.288, 1.533, 6.32),
(496, 1, 1, 3.859, 1.392, -0.471, -2.761, 1.644, 0.451, -3.435, -3.284, -3.637, -4.261, 1.559, 6.33),
(497, 1, 1, 3.895, 1.389, -0.51, -2.778, 1.68, 0.431, -3.428, -3.242, -3.582, -4.222, 1.585, 6.35),
(498, 1, 1, 3.899, 1.386, -0.516, -2.778, 1.686, 0.425, -3.454, -3.219, -3.542, -4.19, 1.614, 6.359),
(499, 1, 1, 3.977, 1.428, -0.552, -2.837, 1.742, 0.428, -3.454, -3.163, -3.487, -4.147, 1.65, 6.382),
(500, 1, 1, 3.935, 1.35, -0.588, -2.778, 1.739, 0.373, -3.464, -3.16, -3.471, -4.144, 1.637, 6.366),
(501, 1, 1, 3.971, 1.389, -0.585, -2.814, 1.755, 0.392, -3.49, -3.15, -3.454, -4.141, 1.618, 6.359);
INSERT INTO `ecg` (`id`, `id_pasien`, `id_rekaman`, `i`, `ii`, `iii`, `avr`, `avl`, `avf`, `v1`, `v2`, `v3`, `v4`, `v5`, `v6`) VALUES
(502, 1, 1, 3.935, 1.327, -0.611, -2.765, 1.752, 0.35, -3.513, -3.163, -3.461, -4.17, 1.595, 6.359),
(503, 1, 1, 4.013, 1.402, -0.614, -2.843, 1.791, 0.386, -3.51, -3.15, -3.435, -4.16, 1.614, 6.389),
(504, 1, 1, 4.01, 1.5, -0.513, -2.889, 1.739, 0.487, -3.503, -3.157, -3.438, -4.17, 1.644, 6.422),
(505, 1, 1, 3.948, 1.441, -0.51, -2.83, 1.706, 0.458, -3.52, -3.232, -3.497, -4.275, 1.588, 6.379),
(506, 1, 1, 3.902, 1.415, -0.49, -2.794, 1.673, 0.454, -3.516, -3.288, -3.565, -4.343, 1.595, 6.412),
(507, 1, 1, 3.869, 1.386, -0.487, -2.761, 1.657, 0.441, -3.48, -3.314, -3.585, -4.389, 1.601, 6.422),
(508, 1, 1, 3.856, 1.346, -0.513, -2.735, 1.663, 0.408, -3.487, -3.369, -3.696, -4.467, 1.549, 6.389),
(509, 1, 1, 3.797, 1.314, -0.487, -2.69, 1.621, 0.405, -3.477, -3.389, -3.758, -4.477, 1.542, 6.376),
(510, 1, 1, 3.807, 1.327, -0.484, -2.703, 1.624, 0.412, -3.461, -3.399, -3.781, -4.48, 1.533, 6.356),
(511, 1, 1, 3.755, 1.291, -0.467, -2.657, 1.588, 0.402, -3.435, -3.402, -3.791, -4.49, 1.51, 6.35),
(512, 1, 1, 3.742, 1.307, -0.438, -2.66, 1.569, 0.425, -3.428, -3.412, -3.784, -4.484, 1.51, 6.366),
(513, 1, 1, 3.745, 1.261, -0.487, -2.637, 1.595, 0.379, -3.425, -3.431, -3.791, -4.49, 1.474, 6.337),
(514, 1, 1, 3.775, 1.271, -0.507, -2.657, 1.618, 0.373, -3.405, -3.428, -3.765, -4.477, 1.464, 6.343),
(515, 1, 1, 3.83, 1.301, -0.533, -2.699, 1.66, 0.376, -3.379, -3.412, -3.739, -4.458, 1.464, 6.356),
(516, 1, 1, 3.748, 1.281, -0.471, -2.65, 1.588, 0.395, -3.343, -3.382, -3.712, -4.422, 1.477, 6.373),
(517, 1, 1, 3.755, 1.245, -0.513, -2.634, 1.611, 0.356, -3.359, -3.399, -3.719, -4.418, 1.484, 6.379),
(518, 1, 1, 3.725, 1.245, -0.484, -2.621, 1.582, 0.373, -3.386, -3.418, -3.745, -4.428, 1.48, 6.376),
(519, 1, 1, 3.748, 1.31, -0.441, -2.663, 1.572, 0.425, -3.369, -3.389, -3.729, -4.379, 1.513, 6.415),
(520, 1, 1, 3.742, 1.297, -0.448, -2.654, 1.572, 0.415, -3.373, -3.392, -3.745, -4.366, 1.49, 6.405),
(521, 1, 1, 3.735, 1.297, -0.441, -2.65, 1.565, 0.418, -3.395, -3.408, -3.781, -4.373, 1.458, 6.379),
(522, 1, 1, 3.742, 1.324, -0.422, -2.667, 1.559, 0.441, -3.405, -3.402, -3.788, -4.363, 1.454, 6.376),
(523, 1, 1, 3.752, 1.353, -0.402, -2.686, 1.556, 0.467, -3.425, -3.418, -3.742, -4.379, 1.467, 6.386),
(524, 1, 1, 3.716, 1.376, -0.343, -2.68, 1.507, 0.507, -3.444, -3.425, -3.709, -4.392, 1.451, 6.366),
(525, 1, 1, 3.768, 1.389, -0.382, -2.712, 1.552, 0.493, -3.454, -3.412, -3.686, -4.386, 1.444, 6.373),
(526, 1, 1, 3.739, 1.34, -0.402, -2.673, 1.549, 0.461, -3.461, -3.408, -3.621, -4.369, 1.484, 6.399),
(527, 1, 1, 3.709, 1.34, -0.373, -2.66, 1.52, 0.474, -3.458, -3.386, -3.644, -4.337, 1.526, 6.438),
(528, 1, 1, 3.716, 1.337, -0.382, -2.66, 1.526, 0.467, -3.467, -3.369, -3.644, -4.324, 1.542, 6.451),
(529, 1, 1, 3.693, 1.32, -0.376, -2.641, 1.513, 0.464, -3.471, -3.386, -3.673, -4.333, 1.503, 6.428),
(530, 1, 1, 3.745, 1.307, -0.441, -2.66, 1.572, 0.425, -3.474, -3.408, -3.709, -4.359, 1.441, 6.363),
(531, 1, 1, 3.735, 1.307, -0.431, -2.657, 1.562, 0.428, -3.48, -3.415, -3.725, -4.35, 1.49, 6.415),
(532, 1, 1, 3.722, 1.346, -0.379, -2.67, 1.529, 0.474, -3.467, -3.415, -3.732, -4.337, 1.507, 6.438),
(533, 1, 1, 3.781, 1.428, -0.356, -2.739, 1.546, 0.526, -3.48, -3.402, -3.722, -4.317, 1.539, 6.477),
(534, 1, 1, 3.775, 1.487, -0.291, -2.765, 1.51, 0.588, -3.5, -3.418, -3.752, -4.32, 1.539, 6.48),
(535, 1, 1, 3.735, 1.422, -0.317, -2.712, 1.503, 0.542, -3.471, -3.399, -3.732, -4.291, 1.552, 6.497),
(536, 1, 1, 3.758, 1.471, -0.291, -2.748, 1.503, 0.582, -3.51, -3.441, -3.752, -4.307, 1.556, 6.5),
(537, 1, 1, 3.876, 1.513, -0.366, -2.83, 1.598, 0.565, -3.549, -3.451, -3.761, -4.31, 1.588, 6.552),
(538, 1, 1, 3.824, 1.503, -0.324, -2.797, 1.552, 0.582, -3.565, -3.428, -3.739, -4.278, 1.624, 6.588),
(539, 1, 1, 3.859, 1.402, -0.461, -2.765, 1.637, 0.461, -3.562, -3.467, -3.791, -4.333, 1.582, 6.582),
(540, 1, 1, 3.951, 1.392, -0.562, -2.807, 1.735, 0.405, -3.605, -3.529, -3.869, -4.412, 1.507, 6.516),
(541, 1, 1, 3.801, 1.415, -0.389, -2.742, 1.572, 0.503, -3.533, -3.467, -3.83, -4.373, 1.487, 6.497),
(542, 1, 1, 3.807, 1.408, -0.402, -2.742, 1.582, 0.493, -3.513, -3.474, -3.856, -4.395, 1.533, 6.52),
(543, 1, 1, 3.647, 1.382, -0.268, -2.65, 1.435, 0.549, -3.49, -3.477, -3.869, -4.431, 1.549, 6.503),
(544, 1, 1, 3.69, 1.395, -0.297, -2.676, 1.471, 0.539, -3.451, -3.431, -3.889, -4.487, 1.458, 6.422),
(545, 1, 1, 3.735, 1.373, -0.366, -2.69, 1.529, 0.493, -3.431, -3.399, -3.905, -4.533, 1.464, 6.408),
(546, 1, 1, 3.644, 1.278, -0.369, -2.595, 1.484, 0.444, -3.415, -3.399, -3.918, -4.575, 1.408, 6.359),
(547, 1, 1, 3.673, 1.255, -0.422, -2.598, 1.526, 0.408, -3.408, -3.402, -3.899, -4.598, 1.386, 6.327),
(548, 1, 1, 3.742, 1.31, -0.435, -2.66, 1.565, 0.428, -3.382, -3.392, -3.866, -4.572, 1.471, 6.399),
(549, 1, 1, 3.595, 1.232, -0.366, -2.549, 1.458, 0.425, -3.32, -3.366, -3.833, -4.565, 1.516, 6.418),
(550, 1, 1, 3.595, 1.278, -0.32, -2.572, 1.435, 0.471, -3.193, -3.281, -3.765, -4.539, 1.458, 6.33),
(551, 1, 1, 3.487, 1.219, -0.271, -2.487, 1.356, 0.464, -3.118, -3.248, -3.725, -4.526, 1.343, 6.17),
(552, 1, 1, 3.637, 1.327, -0.314, -2.618, 1.454, 0.497, -3.105, -3.056, -3.451, -4.225, 1.542, 6.337),
(553, 1, 1, 4.078, 1.748, -0.333, -3.049, 1.683, 0.699, -3.297, -2.722, -2.837, -3.536, 2, 6.752),
(554, 1, 1, 4.608, 2.036, -0.575, -3.458, 2.069, 0.722, -3.647, -2.428, -2.288, -2.879, 2.49, 7.268),
(555, 1, 1, 4.66, 2.121, -0.542, -3.523, 2.078, 0.781, -3.85, -2.735, -2.441, -2.941, 2.516, 7.402),
(556, 1, 1, 4.121, 1.595, -0.529, -2.993, 1.804, 0.526, -3.585, -3.209, -3.333, -3.895, 1.879, 6.843),
(557, 1, 1, 3.879, 1.092, -0.791, -2.621, 1.814, 0.141, -3.209, -3.092, -3.605, -4.369, 1.412, 6.382),
(558, 1, 1, 3.81, 1.17, -0.644, -2.624, 1.706, 0.255, -3.271, -3.297, -3.758, -4.448, 1.487, 6.441),
(559, 1, 1, 3.758, 1.252, -0.51, -2.641, 1.611, 0.363, -3.389, -3.441, -3.833, -4.484, 1.467, 6.386),
(560, 1, 1, 3.68, 1.248, -0.435, -2.598, 1.536, 0.399, -3.353, -3.435, -3.781, -4.431, 1.49, 6.366),
(561, 1, 1, 3.703, 1.258, -0.448, -2.614, 1.552, 0.395, -3.366, -3.471, -3.765, -4.418, 1.484, 6.359),
(562, 1, 1, 3.686, 1.271, -0.418, -2.614, 1.529, 0.418, -3.356, -3.461, -3.696, -4.369, 1.464, 6.35),
(563, 1, 1, 3.703, 1.225, -0.48, -2.598, 1.569, 0.363, -3.353, -3.448, -3.67, -4.356, 1.441, 6.33),
(564, 1, 1, 3.647, 1.16, -0.49, -2.539, 1.546, 0.327, -3.314, -3.408, -3.647, -4.346, 1.458, 6.35),
(565, 1, 1, 3.647, 0.915, -0.735, -2.415, 1.67, 0.082, -3.252, -3.34, -3.572, -4.281, 1.559, 6.448),
(566, 1, 1, 3.641, 0.569, -1.075, -2.239, 1.837, -0.261, -3.127, -3.209, -3.461, -4.127, 1.676, 6.556),
(567, 1, 1, 3.683, 0.373, -1.314, -2.163, 1.977, -0.48, -3.072, -3.141, -3.412, -4.049, 1.748, 6.614),
(568, 1, 1, 3.654, 0.438, -1.219, -2.18, 1.915, -0.399, -3.072, -3.137, -3.428, -4.046, 1.758, 6.614),
(569, 1, 1, 3.758, 0.647, -1.114, -2.337, 1.915, -0.242, -3.167, -3.222, -3.52, -4.114, 1.709, 6.552),
(570, 1, 1, 3.69, 0.725, -0.967, -2.343, 1.807, -0.131, -3.225, -3.261, -3.569, -4.157, 1.683, 6.513),
(571, 1, 1, 3.703, 0.879, -0.827, -2.425, 1.742, 0.016, -3.242, -3.255, -3.565, -4.163, 1.667, 6.516),
(572, 1, 1, 3.673, 0.918, -0.758, -2.431, 1.693, 0.072, -3.252, -3.258, -3.578, -4.186, 1.69, 6.523),
(573, 1, 1, 3.722, 0.974, -0.752, -2.484, 1.716, 0.101, -3.291, -3.265, -3.595, -4.235, 1.66, 6.497),
(574, 1, 1, 3.771, 1.075, -0.699, -2.559, 1.712, 0.18, -3.35, -3.307, -3.637, -4.294, 1.637, 6.487),
(575, 1, 1, 3.768, 1.157, -0.614, -2.598, 1.67, 0.261, -3.386, -3.32, -3.735, -4.327, 1.641, 6.487),
(576, 1, 1, 3.797, 1.294, -0.507, -2.68, 1.631, 0.386, -3.458, -3.369, -3.797, -4.386, 1.578, 6.435),
(577, 1, 1, 3.771, 1.458, -0.317, -2.748, 1.523, 0.562, -3.493, -3.363, -3.745, -4.408, 1.542, 6.415),
(578, 1, 1, 3.833, 1.614, -0.222, -2.859, 1.507, 0.686, -3.539, -3.356, -3.719, -4.425, 1.559, 6.425),
(579, 1, 1, 3.859, 1.611, -0.252, -2.869, 1.533, 0.67, -3.556, -3.33, -3.719, -4.395, 1.592, 6.441),
(580, 1, 1, 3.843, 1.611, -0.235, -2.863, 1.516, 0.68, -3.552, -3.294, -3.69, -4.346, 1.611, 6.451),
(581, 1, 1, 3.876, 1.644, -0.235, -2.895, 1.533, 0.696, -3.546, -3.252, -3.644, -4.281, 1.637, 6.474),
(582, 1, 1, 3.931, 1.68, -0.255, -2.941, 1.572, 0.703, -3.575, -3.239, -3.631, -4.219, 1.637, 6.464),
(583, 1, 1, 3.948, 1.797, -0.154, -3.007, 1.529, 0.814, -3.598, -3.229, -3.592, -4.163, 1.641, 6.458),
(584, 1, 1, 4, 1.892, -0.111, -3.082, 1.533, 0.882, -3.634, -3.245, -3.65, -4.144, 1.601, 6.412),
(585, 1, 1, 3.958, 1.935, -0.026, -3.082, 1.471, 0.944, -3.69, -3.33, -3.614, -4.196, 1.536, 6.353),
(586, 1, 1, 3.895, 1.961, 0.062, -3.062, 1.395, 1.003, -3.696, -3.415, -3.647, -4.265, 1.5, 6.301),
(587, 1, 1, 3.967, 1.807, -0.163, -3.023, 1.542, 0.814, -3.67, -3.467, -3.683, -4.324, 1.458, 6.278),
(588, 1, 1, 3.846, 1.614, -0.235, -2.866, 1.52, 0.68, -3.588, -3.471, -3.696, -4.359, 1.458, 6.284),
(589, 1, 1, 3.761, 1.513, -0.252, -2.771, 1.484, 0.621, -3.536, -3.48, -3.729, -4.402, 1.474, 6.294),
(590, 1, 1, 3.771, 1.431, -0.343, -2.735, 1.536, 0.536, -3.507, -3.497, -3.771, -4.451, 1.412, 6.255),
(591, 1, 1, 3.788, 1.408, -0.382, -2.732, 1.562, 0.503, -3.477, -3.507, -3.814, -4.484, 1.428, 6.265),
(592, 1, 1, 3.761, 1.327, -0.438, -2.68, 1.578, 0.435, -3.48, -3.536, -3.869, -4.526, 1.428, 6.245),
(593, 1, 1, 3.761, 1.337, -0.428, -2.683, 1.572, 0.444, -3.471, -3.536, -3.908, -4.546, 1.451, 6.245),
(594, 1, 1, 3.739, 1.337, -0.405, -2.673, 1.549, 0.458, -3.467, -3.552, -3.944, -4.565, 1.408, 6.229),
(595, 1, 1, 3.709, 1.35, -0.363, -2.663, 1.513, 0.484, -3.435, -3.529, -3.915, -4.529, 1.431, 6.242),
(596, 1, 1, 3.778, 1.33, -0.451, -2.69, 1.592, 0.431, -3.438, -3.546, -3.905, -4.533, 1.412, 6.232),
(597, 1, 1, 3.788, 1.317, -0.474, -2.686, 1.608, 0.412, -3.444, -3.569, -3.912, -4.549, 1.412, 6.232),
(598, 1, 1, 3.781, 1.33, -0.454, -2.69, 1.595, 0.428, -3.422, -3.546, -3.866, -4.536, 1.438, 6.261),
(599, 1, 1, 3.775, 1.356, -0.422, -2.699, 1.575, 0.458, -3.428, -3.542, -3.863, -4.539, 1.408, 6.225),
(600, 1, 1, 3.729, 1.31, -0.422, -2.654, 1.552, 0.435, -3.448, -3.575, -3.879, -4.556, 1.382, 6.225),
(601, 1, 1, 3.696, 1.327, -0.373, -2.647, 1.513, 0.467, -3.405, -3.523, -3.794, -4.49, 1.431, 6.278),
(602, 1, 1, 3.801, 1.346, -0.458, -2.709, 1.608, 0.435, -3.422, -3.533, -3.797, -4.497, 1.369, 6.242),
(603, 1, 1, 3.745, 1.245, -0.503, -2.631, 1.601, 0.363, -3.425, -3.549, -3.863, -4.49, 1.395, 6.252),
(604, 1, 1, 3.624, 1.203, -0.425, -2.549, 1.503, 0.379, -3.418, -3.552, -3.879, -4.484, 1.441, 6.307),
(605, 1, 1, 3.66, 1.222, -0.441, -2.575, 1.529, 0.382, -3.405, -3.533, -3.876, -4.471, 1.418, 6.307),
(606, 1, 1, 3.869, 1.317, -0.556, -2.729, 1.69, 0.373, -3.399, -3.51, -3.869, -4.454, 1.422, 6.327),
(607, 1, 1, 3.631, 1.203, -0.431, -2.552, 1.51, 0.376, -3.353, -3.477, -3.843, -4.438, 1.425, 6.34),
(608, 1, 1, 3.748, 1.248, -0.503, -2.634, 1.605, 0.363, -3.382, -3.5, -3.876, -4.454, 1.451, 6.363),
(609, 1, 1, 3.699, 1.219, -0.484, -2.595, 1.569, 0.359, -3.369, -3.484, -3.879, -4.448, 1.451, 6.376),
(610, 1, 1, 3.748, 1.291, -0.461, -2.654, 1.582, 0.405, -3.379, -3.477, -3.879, -4.438, 1.458, 6.382),
(611, 1, 1, 3.771, 1.255, -0.52, -2.647, 1.624, 0.359, -3.379, -3.464, -3.879, -4.428, 1.474, 6.408),
(612, 1, 1, 3.706, 1.248, -0.461, -2.611, 1.562, 0.386, -3.412, -3.487, -3.918, -4.444, 1.484, 6.408),
(613, 1, 1, 3.69, 1.245, -0.448, -2.601, 1.546, 0.389, -3.431, -3.51, -3.971, -4.467, 1.428, 6.363),
(614, 1, 1, 3.742, 1.297, -0.448, -2.654, 1.572, 0.415, -3.431, -3.484, -3.925, -4.441, 1.441, 6.379),
(615, 1, 1, 3.732, 1.33, -0.405, -2.667, 1.546, 0.454, -3.454, -3.471, -3.895, -4.415, 1.477, 6.412),
(616, 1, 1, 3.797, 1.301, -0.5, -2.683, 1.627, 0.392, -3.507, -3.507, -3.912, -4.435, 1.458, 6.386),
(617, 1, 1, 3.758, 1.369, -0.392, -2.699, 1.552, 0.48, -3.493, -3.484, -3.882, -4.402, 1.51, 6.425),
(618, 1, 1, 3.771, 1.386, -0.389, -2.712, 1.559, 0.49, -3.533, -3.5, -3.889, -4.408, 1.497, 6.425),
(619, 1, 1, 3.837, 1.415, -0.425, -2.761, 1.608, 0.487, -3.562, -3.51, -3.892, -4.408, 1.52, 6.425),
(620, 1, 1, 3.882, 1.425, -0.461, -2.788, 1.65, 0.474, -3.631, -3.516, -3.886, -4.412, 1.542, 6.461),
(621, 1, 1, 3.882, 1.405, -0.48, -2.778, 1.66, 0.454, -3.641, -3.546, -3.925, -4.467, 1.51, 6.431),
(622, 1, 1, 3.82, 1.337, -0.487, -2.712, 1.631, 0.415, -3.631, -3.601, -3.997, -4.549, 1.435, 6.359),
(623, 1, 1, 3.866, 1.395, -0.474, -2.765, 1.647, 0.451, -3.601, -3.569, -3.974, -4.526, 1.474, 6.386),
(624, 1, 1, 3.755, 1.356, -0.402, -2.69, 1.556, 0.467, -3.52, -3.542, -3.964, -4.503, 1.5, 6.399),
(625, 1, 1, 3.716, 1.307, -0.412, -2.647, 1.542, 0.438, -3.497, -3.546, -3.974, -4.503, 1.477, 6.369),
(626, 1, 1, 3.709, 1.232, -0.48, -2.605, 1.572, 0.366, -3.467, -3.529, -3.967, -4.497, 1.454, 6.337),
(627, 1, 1, 3.67, 1.19, -0.484, -2.565, 1.556, 0.343, -3.458, -3.529, -3.99, -4.51, 1.431, 6.31),
(628, 1, 1, 3.686, 1.19, -0.5, -2.572, 1.572, 0.337, -3.464, -3.526, -4.003, -4.52, 1.454, 6.324),
(629, 1, 1, 3.663, 1.144, -0.523, -2.539, 1.572, 0.301, -3.451, -3.513, -4.01, -4.533, 1.425, 6.288),
(630, 1, 1, 3.69, 1.147, -0.546, -2.552, 1.595, 0.291, -3.461, -3.51, -4.007, -4.549, 1.435, 6.291),
(631, 1, 1, 3.65, 1.092, -0.562, -2.507, 1.585, 0.255, -3.444, -3.5, -4.01, -4.582, 1.425, 6.275),
(632, 1, 1, 3.627, 1.036, -0.595, -2.467, 1.588, 0.212, -3.343, -3.408, -3.977, -4.611, 1.359, 6.173),
(633, 1, 1, 3.533, 1.056, -0.48, -2.428, 1.484, 0.278, -3.245, -3.324, -3.912, -4.588, 1.363, 6.127),
(634, 1, 1, 3.611, 1.088, -0.526, -2.484, 1.546, 0.271, -3.229, -3.19, -3.748, -4.405, 1.503, 6.242),
(635, 1, 1, 3.987, 1.418, -0.572, -2.837, 1.758, 0.415, -3.373, -2.941, -3.281, -3.856, 1.895, 6.608),
(636, 1, 1, 4.536, 1.788, -0.752, -3.297, 2.121, 0.51, -3.725, -2.775, -2.886, -3.327, 2.324, 7.101),
(637, 1, 1, 4.667, 1.801, -0.869, -3.369, 2.245, 0.458, -3.951, -2.889, -2.863, -3.304, 2.359, 7.265),
(638, 1, 1, 4.141, 1.546, -0.598, -2.977, 1.846, 0.467, -3.755, -3.33, -3.536, -4.062, 2.033, 7.003),
(639, 1, 1, 3.931, 0.869, -1.065, -2.536, 1.977, -0.108, -3.333, -3.131, -3.768, -4.556, 1.386, 6.337),
(640, 1, 1, 3.81, 1.088, -0.725, -2.585, 1.745, 0.173, -3.32, -3.288, -3.859, -4.601, 1.444, 6.359),
(641, 1, 1, 3.748, 1.118, -0.634, -2.569, 1.67, 0.232, -3.428, -3.451, -3.971, -4.67, 1.461, 6.353),
(642, 1, 1, 3.654, 1.137, -0.52, -2.529, 1.565, 0.301, -3.382, -3.435, -3.935, -4.631, 1.497, 6.343),
(643, 1, 1, 3.657, 1.111, -0.549, -2.52, 1.582, 0.271, -3.392, -3.448, -3.941, -4.641, 1.461, 6.297),
(644, 1, 1, 3.709, 1.131, -0.582, -2.556, 1.624, 0.265, -3.382, -3.435, -3.928, -4.631, 1.451, 6.275),
(645, 1, 1, 3.608, 1.15, -0.461, -2.513, 1.513, 0.337, -3.346, -3.405, -3.882, -4.575, 1.503, 6.324),
(646, 1, 1, 3.631, 1.147, -0.487, -2.523, 1.536, 0.32, -3.359, -3.415, -3.869, -4.552, 1.484, 6.31),
(647, 1, 1, 3.572, 1.127, -0.448, -2.484, 1.487, 0.33, -3.324, -3.382, -3.827, -4.49, 1.52, 6.333),
(648, 1, 1, 3.614, 1.111, -0.507, -2.497, 1.539, 0.294, -3.33, -3.395, -3.814, -4.461, 1.513, 6.32),
(649, 1, 1, 3.657, 1.088, -0.572, -2.507, 1.592, 0.248, -3.32, -3.389, -3.791, -4.435, 1.5, 6.307),
(650, 1, 1, 3.673, 1.088, -0.588, -2.516, 1.608, 0.242, -3.304, -3.373, -3.768, -4.402, 1.51, 6.317),
(651, 1, 1, 3.673, 1.095, -0.582, -2.52, 1.605, 0.248, -3.304, -3.363, -3.752, -4.373, 1.542, 6.343),
(652, 1, 1, 3.673, 1.144, -0.533, -2.542, 1.582, 0.297, -3.327, -3.379, -3.771, -4.379, 1.539, 6.337),
(653, 1, 1, 3.663, 1.18, -0.487, -2.556, 1.552, 0.337, -3.304, -3.35, -3.758, -4.356, 1.536, 6.333),
(654, 1, 1, 3.686, 1.203, -0.487, -2.578, 1.565, 0.35, -3.307, -3.346, -3.765, -4.32, 1.569, 6.366),
(655, 1, 1, 3.699, 1.199, -0.503, -2.585, 1.578, 0.34, -3.327, -3.343, -3.768, -4.301, 1.556, 6.363),
(656, 1, 1, 3.709, 1.183, -0.529, -2.582, 1.598, 0.317, -3.34, -3.337, -3.761, -4.284, 1.523, 6.333),
(657, 1, 1, 3.683, 1.248, -0.438, -2.601, 1.539, 0.395, -3.359, -3.324, -3.69, -4.255, 1.562, 6.389),
(658, 1, 1, 3.699, 1.288, -0.415, -2.627, 1.536, 0.428, -3.382, -3.314, -3.65, -4.239, 1.549, 6.366),
(659, 1, 1, 3.725, 1.294, -0.435, -2.644, 1.559, 0.422, -3.402, -3.291, -3.585, -4.206, 1.582, 6.402),
(660, 1, 1, 3.725, 1.258, -0.471, -2.627, 1.575, 0.386, -3.418, -3.271, -3.52, -4.157, 1.634, 6.451),
(661, 1, 1, 3.735, 1.275, -0.464, -2.641, 1.578, 0.395, -3.402, -3.193, -3.386, -4.036, 1.69, 6.5),
(662, 1, 1, 3.761, 1.245, -0.52, -2.637, 1.618, 0.353, -3.395, -3.114, -3.252, -3.944, 1.732, 6.546),
(663, 1, 1, 3.833, 1.163, -0.673, -2.634, 1.732, 0.235, -3.412, -3.065, -3.235, -3.879, 1.761, 6.559),
(664, 1, 1, 3.863, 1.235, -0.631, -2.683, 1.725, 0.294, -3.412, -3.013, -3.19, -3.837, 1.81, 6.601),
(665, 1, 1, 3.869, 1.34, -0.533, -2.739, 1.68, 0.395, -3.454, -3.02, -3.199, -3.824, 1.768, 6.569),
(666, 1, 1, 3.925, 1.412, -0.516, -2.804, 1.699, 0.438, -3.484, -3.026, -3.212, -3.788, 1.742, 6.542),
(667, 1, 1, 3.879, 1.428, -0.454, -2.788, 1.644, 0.477, -3.497, -3.075, -3.278, -3.84, 1.739, 6.556),
(668, 1, 1, 3.863, 1.474, -0.392, -2.804, 1.605, 0.533, -3.526, -3.163, -3.412, -3.961, 1.67, 6.51),
(669, 1, 1, 3.81, 1.454, -0.359, -2.768, 1.562, 0.539, -3.526, -3.265, -3.556, -4.105, 1.618, 6.477),
(670, 1, 1, 3.771, 1.412, -0.363, -2.725, 1.546, 0.516, -3.546, -3.382, -3.716, -4.258, 1.575, 6.461),
(671, 1, 1, 3.742, 1.392, -0.353, -2.703, 1.526, 0.51, -3.48, -3.392, -3.771, -4.307, 1.523, 6.431),
(672, 1, 1, 3.801, 1.359, -0.444, -2.716, 1.601, 0.448, -3.454, -3.408, -3.82, -4.35, 1.507, 6.412),
(673, 1, 1, 3.654, 1.281, -0.376, -2.601, 1.493, 0.444, -3.422, -3.422, -3.85, -4.382, 1.513, 6.415),
(674, 1, 1, 3.709, 1.248, -0.464, -2.614, 1.565, 0.382, -3.428, -3.435, -3.866, -4.392, 1.487, 6.425),
(675, 1, 1, 3.614, 1.275, -0.343, -2.578, 1.458, 0.458, -3.408, -3.422, -3.876, -4.395, 1.516, 6.425),
(676, 1, 1, 3.667, 1.327, -0.343, -2.631, 1.484, 0.484, -3.451, -3.448, -3.908, -4.438, 1.497, 6.405),
(677, 1, 1, 3.683, 1.288, -0.399, -2.621, 1.52, 0.435, -3.448, -3.451, -3.931, -4.471, 1.5, 6.399),
(678, 1, 1, 3.657, 1.271, -0.389, -2.598, 1.5, 0.431, -3.441, -3.425, -3.931, -4.487, 1.458, 6.386),
(679, 1, 1, 3.66, 1.252, -0.412, -2.592, 1.513, 0.412, -3.402, -3.399, -3.915, -4.484, 1.487, 6.395),
(680, 1, 1, 3.634, 1.199, -0.438, -2.552, 1.513, 0.373, -3.405, -3.405, -3.938, -4.497, 1.507, 6.395),
(681, 1, 1, 3.637, 1.199, -0.441, -2.552, 1.516, 0.369, -3.389, -3.392, -3.925, -4.493, 1.484, 6.34),
(682, 1, 1, 3.69, 1.203, -0.49, -2.582, 1.569, 0.346, -3.399, -3.399, -3.931, -4.497, 1.48, 6.337),
(683, 1, 1, 3.716, 1.193, -0.526, -2.588, 1.598, 0.324, -3.399, -3.405, -3.915, -4.513, 1.52, 6.369),
(684, 1, 1, 3.549, 1.134, -0.418, -2.477, 1.461, 0.35, -3.386, -3.392, -3.889, -4.549, 1.493, 6.32),
(685, 1, 1, 3.676, 1.212, -0.467, -2.578, 1.549, 0.363, -3.356, -3.35, -3.827, -4.513, 1.51, 6.34),
(686, 1, 1, 3.621, 1.196, -0.428, -2.542, 1.503, 0.376, -3.353, -3.366, -3.82, -4.507, 1.556, 6.369),
(687, 1, 1, 3.65, 1.252, -0.402, -2.585, 1.503, 0.415, -3.34, -3.356, -3.804, -4.497, 1.513, 6.333),
(688, 1, 1, 3.667, 1.235, -0.435, -2.585, 1.529, 0.392, -3.343, -3.359, -3.788, -4.477, 1.513, 6.324),
(689, 1, 1, 3.696, 1.219, -0.48, -2.592, 1.565, 0.359, -3.363, -3.369, -3.797, -4.467, 1.529, 6.33),
(690, 1, 1, 3.699, 1.252, -0.451, -2.611, 1.552, 0.392, -3.389, -3.389, -3.807, -4.471, 1.507, 6.32),
(691, 1, 1, 3.654, 1.209, -0.448, -2.565, 1.529, 0.373, -3.366, -3.366, -3.807, -4.461, 1.497, 6.304),
(692, 1, 1, 3.667, 1.252, -0.418, -2.595, 1.52, 0.408, -3.346, -3.337, -3.791, -4.418, 1.575, 6.405),
(693, 1, 1, 3.67, 1.242, -0.431, -2.592, 1.529, 0.395, -3.369, -3.366, -3.817, -4.428, 1.542, 6.373),
(694, 1, 1, 3.683, 1.183, -0.503, -2.569, 1.572, 0.33, -3.389, -3.392, -3.843, -4.448, 1.493, 6.324),
(695, 1, 1, 3.703, 1.261, -0.444, -2.618, 1.552, 0.399, -3.386, -3.373, -3.807, -4.402, 1.572, 6.412),
(696, 1, 1, 3.67, 1.261, -0.412, -2.601, 1.52, 0.415, -3.399, -3.382, -3.801, -4.376, 1.542, 6.415),
(697, 1, 1, 3.735, 1.222, -0.516, -2.614, 1.605, 0.343, -3.428, -3.412, -3.801, -4.359, 1.539, 6.405),
(698, 1, 1, 3.709, 1.242, -0.471, -2.611, 1.569, 0.376, -3.441, -3.422, -3.791, -4.337, 1.569, 6.422),
(699, 1, 1, 3.748, 1.252, -0.5, -2.634, 1.601, 0.366, -3.484, -3.454, -3.807, -4.346, 1.513, 6.379),
(700, 1, 1, 3.725, 1.242, -0.487, -2.618, 1.585, 0.369, -3.516, -3.435, -3.771, -4.327, 1.513, 6.389),
(701, 1, 1, 3.83, 1.206, -0.627, -2.654, 1.706, 0.281, -3.572, -3.444, -3.765, -4.32, 1.601, 6.444),
(702, 1, 1, 3.791, 1.042, -0.752, -2.552, 1.748, 0.137, -3.542, -3.441, -3.771, -4.337, 1.588, 6.448),
(703, 1, 1, 3.824, 0.801, -1.026, -2.448, 1.902, -0.121, -3.418, -3.34, -3.693, -4.271, 1.641, 6.503),
(704, 1, 1, 3.709, 0.412, -1.301, -2.196, 1.984, -0.454, -3.235, -3.173, -3.526, -4.121, 1.778, 6.614),
(705, 1, 1, 3.69, 0.35, -1.343, -2.154, 1.993, -0.507, -3.163, -3.147, -3.513, -4.105, 1.771, 6.598),
(706, 1, 1, 3.725, 0.474, -1.255, -2.235, 1.967, -0.399, -3.167, -3.17, -3.549, -4.147, 1.722, 6.533),
(707, 1, 1, 3.565, 0.451, -1.118, -2.144, 1.82, -0.343, -3.173, -3.212, -3.618, -4.229, 1.614, 6.425),
(708, 1, 1, 3.611, 0.552, -1.062, -2.216, 1.814, -0.265, -3.199, -3.248, -3.65, -4.288, 1.585, 6.382),
(709, 1, 1, 3.595, 0.618, -0.98, -2.242, 1.765, -0.19, -3.212, -3.271, -3.657, -4.327, 1.618, 6.389),
(710, 1, 1, 3.637, 0.69, -0.951, -2.297, 1.771, -0.141, -3.245, -3.307, -3.709, -4.373, 1.572, 6.346),
(711, 1, 1, 3.614, 0.732, -0.886, -2.307, 1.729, -0.085, -3.275, -3.33, -3.758, -4.415, 1.539, 6.32),
(712, 1, 1, 3.631, 0.817, -0.817, -2.359, 1.703, -0.01, -3.314, -3.373, -3.817, -4.48, 1.467, 6.255),
(713, 1, 1, 3.556, 0.905, -0.654, -2.366, 1.582, 0.118, -3.242, -3.34, -3.817, -4.529, 1.369, 6.15),
(714, 1, 1, 3.526, 1.036, -0.493, -2.415, 1.487, 0.261, -3.173, -3.288, -3.807, -4.533, 1.34, 6.082),
(715, 1, 1, 3.644, 1.258, -0.389, -2.585, 1.493, 0.425, -3.212, -3.173, -3.654, -4.324, 1.451, 6.173),
(716, 1, 1, 4.059, 1.663, -0.399, -2.997, 1.706, 0.624, -3.382, -2.863, -3.095, -3.657, 1.928, 6.634),
(717, 1, 1, 4.549, 2.049, -0.503, -3.435, 2.003, 0.765, -3.735, -2.676, -2.654, -3.095, 2.399, 7.157),
(718, 1, 1, 4.418, 2.18, -0.242, -3.435, 1.807, 0.961, -3.886, -3.01, -2.869, -3.229, 2.428, 7.31),
(719, 1, 1, 3.987, 1.69, -0.301, -2.974, 1.621, 0.686, -3.654, -3.415, -3.732, -4.206, 1.807, 6.765),
(720, 1, 1, 3.876, 1.301, -0.578, -2.722, 1.706, 0.353, -3.327, -3.284, -3.958, -4.647, 1.219, 6.163),
(721, 1, 1, 3.696, 1.487, -0.212, -2.725, 1.431, 0.627, -3.382, -3.51, -4.121, -4.817, 1.147, 6.072),
(722, 1, 1, 3.614, 1.484, -0.134, -2.683, 1.353, 0.667, -3.487, -3.605, -4.127, -4.824, 1.176, 6.052),
(723, 1, 1, 3.729, 1.435, -0.297, -2.716, 1.49, 0.559, -3.379, -3.503, -3.967, -4.673, 1.327, 6.157),
(724, 1, 1, 3.588, 1.232, -0.359, -2.546, 1.451, 0.428, -3.346, -3.474, -3.925, -4.637, 1.353, 6.167),
(725, 1, 1, 3.605, 1.147, -0.461, -2.51, 1.51, 0.333, -3.343, -3.461, -3.918, -4.621, 1.353, 6.163),
(726, 1, 1, 3.65, 1.141, -0.513, -2.529, 1.559, 0.304, -3.327, -3.441, -3.899, -4.601, 1.337, 6.147),
(727, 1, 1, 3.634, 1.108, -0.529, -2.507, 1.559, 0.281, -3.314, -3.418, -3.856, -4.556, 1.373, 6.176),
(728, 1, 1, 3.641, 1.137, -0.507, -2.523, 1.552, 0.307, -3.314, -3.405, -3.84, -4.536, 1.422, 6.199),
(729, 1, 1, 3.608, 1.059, -0.552, -2.467, 1.559, 0.245, -3.353, -3.448, -3.892, -4.592, 1.366, 6.144),
(730, 1, 1, 3.624, 1.098, -0.529, -2.497, 1.556, 0.275, -3.337, -3.412, -3.859, -4.565, 1.376, 6.173),
(731, 1, 1, 3.667, 1.098, -0.572, -2.516, 1.598, 0.255, -3.337, -3.402, -3.866, -4.559, 1.376, 6.154),
(732, 1, 1, 3.68, 1.056, -0.627, -2.503, 1.631, 0.206, -3.32, -3.392, -3.856, -4.546, 1.425, 6.206),
(733, 1, 1, 3.693, 1.105, -0.592, -2.533, 1.621, 0.248, -3.307, -3.392, -3.853, -4.536, 1.493, 6.242),
(734, 1, 1, 3.66, 1.111, -0.552, -2.52, 1.585, 0.271, -3.297, -3.376, -3.827, -4.51, 1.487, 6.235),
(735, 1, 1, 3.709, 1.082, -0.631, -2.529, 1.647, 0.216, -3.324, -3.392, -3.873, -4.533, 1.451, 6.199),
(736, 1, 1, 3.641, 1.092, -0.552, -2.5, 1.575, 0.261, -3.304, -3.363, -3.873, -4.503, 1.454, 6.216),
(737, 1, 1, 3.752, 1.111, -0.644, -2.565, 1.676, 0.225, -3.353, -3.392, -3.879, -4.516, 1.415, 6.176),
(738, 1, 1, 3.657, 1.105, -0.556, -2.516, 1.585, 0.265, -3.327, -3.35, -3.81, -4.444, 1.438, 6.203),
(739, 1, 1, 3.722, 1.105, -0.621, -2.549, 1.65, 0.232, -3.34, -3.343, -3.804, -4.402, 1.461, 6.229),
(740, 1, 1, 3.742, 1.121, -0.624, -2.565, 1.66, 0.239, -3.359, -3.327, -3.771, -4.333, 1.516, 6.265),
(741, 1, 1, 3.712, 1.098, -0.618, -2.539, 1.644, 0.232, -3.363, -3.294, -3.712, -4.261, 1.533, 6.284),
(742, 1, 1, 3.886, 1.209, -0.68, -2.683, 1.761, 0.255, -3.356, -3.252, -3.667, -4.17, 1.578, 6.333),
(743, 1, 1, 3.833, 1.186, -0.65, -2.644, 1.719, 0.258, -3.363, -3.216, -3.601, -4.098, 1.631, 6.373),
(744, 1, 1, 3.856, 1.193, -0.667, -2.66, 1.739, 0.255, -3.379, -3.173, -3.533, -4.046, 1.66, 6.412),
(745, 1, 1, 3.853, 1.186, -0.67, -2.654, 1.739, 0.248, -3.395, -3.144, -3.484, -4.033, 1.686, 6.441),
(746, 1, 1, 3.964, 1.288, -0.68, -2.761, 1.801, 0.294, -3.422, -3.131, -3.467, -4.033, 1.676, 6.441),
(747, 1, 1, 3.915, 1.261, -0.657, -2.722, 1.765, 0.294, -3.428, -3.124, -3.48, -4.042, 1.654, 6.431),
(748, 1, 1, 3.928, 1.261, -0.67, -2.729, 1.778, 0.288, -3.461, -3.176, -3.552, -4.111, 1.595, 6.402),
(749, 1, 1, 3.938, 1.304, -0.637, -2.755, 1.765, 0.324, -3.444, -3.219, -3.611, -4.18, 1.585, 6.402),
(750, 1, 1, 3.856, 1.294, -0.565, -2.709, 1.69, 0.356, -3.425, -3.278, -3.696, -4.275, 1.556, 6.392),
(751, 1, 1, 3.745, 1.183, -0.565, -2.598, 1.634, 0.301, -3.392, -3.324, -3.758, -4.356, 1.572, 6.428),
(752, 1, 1, 3.833, 1.17, -0.667, -2.637, 1.729, 0.242, -3.399, -3.373, -3.824, -4.441, 1.523, 6.363),
(753, 1, 1, 3.69, 1.114, -0.578, -2.536, 1.611, 0.258, -3.327, -3.346, -3.814, -4.418, 1.526, 6.363),
(754, 1, 1, 3.716, 1.098, -0.621, -2.542, 1.647, 0.229, -3.327, -3.376, -3.843, -4.428, 1.484, 6.327),
(755, 1, 1, 3.686, 1.072, -0.618, -2.513, 1.631, 0.219, -3.32, -3.389, -3.853, -4.441, 1.48, 6.314),
(756, 1, 1, 3.699, 1.046, -0.657, -2.507, 1.657, 0.186, -3.32, -3.402, -3.866, -4.454, 1.454, 6.291),
(757, 1, 1, 3.703, 1.069, -0.637, -2.52, 1.647, 0.206, -3.314, -3.402, -3.869, -4.464, 1.438, 6.271),
(758, 1, 1, 3.686, 1.069, -0.621, -2.513, 1.631, 0.216, -3.297, -3.402, -3.876, -4.474, 1.448, 6.275),
(759, 1, 1, 3.67, 1.033, -0.641, -2.487, 1.634, 0.186, -3.297, -3.408, -3.889, -4.484, 1.451, 6.275),
(760, 1, 1, 3.68, 1.023, -0.66, -2.487, 1.647, 0.173, -3.301, -3.408, -3.895, -4.49, 1.422, 6.235),
(761, 1, 1, 3.696, 1.059, -0.641, -2.513, 1.647, 0.199, -3.294, -3.412, -3.895, -4.484, 1.422, 6.239),
(762, 1, 1, 3.673, 1.049, -0.627, -2.497, 1.627, 0.203, -3.294, -3.418, -3.912, -4.493, 1.431, 6.248),
(763, 1, 1, 3.65, 1.049, -0.605, -2.484, 1.605, 0.212, -3.301, -3.425, -3.908, -4.493, 1.441, 6.255),
(764, 1, 1, 3.686, 1.059, -0.631, -2.507, 1.637, 0.206, -3.294, -3.418, -3.895, -4.471, 1.48, 6.278),
(765, 1, 1, 3.69, 1.069, -0.624, -2.513, 1.634, 0.212, -3.294, -3.428, -3.895, -4.477, 1.48, 6.281),
(766, 1, 1, 3.667, 1.013, -0.657, -2.474, 1.641, 0.17, -3.281, -3.422, -3.899, -4.48, 1.477, 6.268),
(767, 1, 1, 3.667, 1.016, -0.654, -2.477, 1.637, 0.173, -3.278, -3.428, -3.902, -4.477, 1.48, 6.261),
(768, 1, 1, 3.69, 0.997, -0.696, -2.477, 1.67, 0.141, -3.248, -3.408, -3.895, -4.464, 1.467, 6.235),
(769, 1, 1, 3.696, 1.023, -0.676, -2.493, 1.663, 0.163, -3.232, -3.402, -3.905, -4.454, 1.467, 6.229),
(770, 1, 1, 3.703, 1, -0.706, -2.487, 1.683, 0.137, -3.225, -3.392, -3.889, -4.448, 1.493, 6.248),
(771, 1, 1, 3.663, 0.948, -0.719, -2.441, 1.67, 0.105, -3.232, -3.402, -3.905, -4.461, 1.471, 6.229),
(772, 1, 1, 3.722, 0.951, -0.775, -2.471, 1.725, 0.078, -3.212, -3.356, -3.863, -4.441, 1.533, 6.314),
(773, 1, 1, 3.712, 0.846, -0.869, -2.415, 1.768, -0.02, -3.232, -3.366, -3.866, -4.497, 1.493, 6.291),
(774, 1, 1, 3.657, 0.846, -0.814, -2.386, 1.712, 0.007, -3.212, -3.35, -3.853, -4.52, 1.503, 6.31),
(775, 1, 1, 3.654, 0.964, -0.693, -2.444, 1.65, 0.127, -3.19, -3.288, -3.794, -4.477, 1.569, 6.389),
(776, 1, 1, 3.66, 0.98, -0.683, -2.454, 1.65, 0.141, -3.245, -3.327, -3.833, -4.52, 1.536, 6.363),
(777, 1, 1, 3.722, 1.042, -0.683, -2.516, 1.68, 0.17, -3.301, -3.327, -3.837, -4.529, 1.549, 6.373),
(778, 1, 1, 3.725, 1.072, -0.657, -2.533, 1.67, 0.199, -3.304, -3.317, -3.824, -4.52, 1.562, 6.389),
(779, 1, 1, 3.742, 1.088, -0.657, -2.549, 1.676, 0.206, -3.324, -3.337, -3.801, -4.51, 1.598, 6.422),
(780, 1, 1, 3.667, 1.069, -0.601, -2.503, 1.611, 0.225, -3.363, -3.379, -3.81, -4.516, 1.585, 6.395),
(781, 1, 1, 3.693, 1.059, -0.637, -2.51, 1.644, 0.203, -3.379, -3.386, -3.788, -4.5, 1.598, 6.399),
(782, 1, 1, 3.765, 1.095, -0.673, -2.565, 1.696, 0.203, -3.415, -3.389, -3.794, -4.49, 1.641, 6.444),
(783, 1, 1, 3.775, 1.046, -0.732, -2.546, 1.732, 0.147, -3.382, -3.418, -3.837, -4.523, 1.618, 6.425),
(784, 1, 1, 3.804, 0.98, -0.827, -2.526, 1.794, 0.069, -3.356, -3.451, -3.892, -4.578, 1.549, 6.363),
(785, 1, 1, 3.791, 1.026, -0.768, -2.542, 1.758, 0.121, -3.297, -3.415, -3.84, -4.516, 1.572, 6.376),
(786, 1, 1, 3.703, 1.029, -0.676, -2.5, 1.667, 0.167, -3.196, -3.386, -3.788, -4.467, 1.592, 6.399),
(787, 1, 1, 3.637, 0.964, -0.676, -2.435, 1.634, 0.134, -3.144, -3.373, -3.768, -4.451, 1.552, 6.353),
(788, 1, 1, 3.67, 0.967, -0.706, -2.454, 1.667, 0.121, -3.144, -3.386, -3.784, -4.451, 1.529, 6.333),
(789, 1, 1, 3.601, 0.908, -0.696, -2.389, 1.627, 0.098, -3.124, -3.366, -3.781, -4.438, 1.497, 6.291),
(790, 1, 1, 3.683, 0.935, -0.752, -2.444, 1.696, 0.082, -3.121, -3.343, -3.775, -4.415, 1.526, 6.317),
(791, 1, 1, 3.614, 0.922, -0.696, -2.402, 1.634, 0.105, -3.127, -3.356, -3.801, -4.418, 1.516, 6.307),
(792, 1, 1, 3.624, 0.938, -0.69, -2.415, 1.634, 0.114, -3.147, -3.356, -3.833, -4.415, 1.487, 6.288),
(793, 1, 1, 3.585, 0.935, -0.654, -2.395, 1.598, 0.131, -3.137, -3.34, -3.843, -4.412, 1.474, 6.291),
(794, 1, 1, 3.516, 0.856, -0.663, -2.32, 1.569, 0.088, -3.052, -3.271, -3.804, -4.405, 1.428, 6.219),
(795, 1, 1, 3.441, 0.873, -0.572, -2.291, 1.484, 0.141, -2.961, -3.186, -3.686, -4.343, 1.471, 6.225),
(796, 1, 1, 3.542, 0.984, -0.562, -2.399, 1.529, 0.203, -2.958, -3.039, -3.467, -4.131, 1.582, 6.317),
(797, 1, 1, 3.958, 1.284, -0.676, -2.755, 1.794, 0.294, -3.137, -2.771, -2.984, -3.565, 1.925, 6.627),
(798, 1, 1, 4.487, 1.631, -0.859, -3.193, 2.15, 0.379, -3.503, -2.523, -2.516, -2.961, 2.373, 7.124),
(799, 1, 1, 4.634, 1.611, -1.026, -3.258, 2.307, 0.284, -3.712, -2.582, -2.379, -2.804, 2.516, 7.376),
(800, 1, 1, 4.065, 1.337, -0.732, -2.837, 1.876, 0.294, -3.533, -3.124, -3.167, -3.618, 2.15, 7.069),
(801, 1, 1, 3.84, 0.712, -1.131, -2.412, 1.964, -0.219, -3.154, -2.99, -3.497, -4.239, 1.435, 6.366),
(802, 1, 1, 3.699, 0.837, -0.866, -2.402, 1.761, -0.023, -3.183, -3.186, -3.641, -4.343, 1.487, 6.399),
(803, 1, 1, 3.69, 0.935, -0.758, -2.448, 1.703, 0.078, -3.343, -3.389, -3.784, -4.461, 1.441, 6.333),
(804, 1, 1, 3.585, 1.033, -0.556, -2.444, 1.549, 0.229, -3.294, -3.389, -3.771, -4.431, 1.48, 6.34),
(805, 1, 1, 3.556, 1.124, -0.435, -2.474, 1.474, 0.337, -3.301, -3.418, -3.814, -4.461, 1.454, 6.307),
(806, 1, 1, 3.549, 1.186, -0.366, -2.503, 1.435, 0.402, -3.291, -3.425, -3.85, -4.467, 1.454, 6.31),
(807, 1, 1, 3.507, 1.15, -0.359, -2.464, 1.412, 0.386, -3.252, -3.405, -3.846, -4.435, 1.49, 6.343),
(808, 1, 1, 3.552, 1.101, -0.454, -2.461, 1.48, 0.314, -3.203, -3.369, -3.824, -4.395, 1.52, 6.386),
(809, 1, 1, 3.565, 1.059, -0.51, -2.448, 1.516, 0.265, -3.183, -3.363, -3.827, -4.389, 1.513, 6.35),
(810, 1, 1, 3.565, 1.065, -0.503, -2.451, 1.513, 0.271, -3.19, -3.395, -3.837, -4.399, 1.523, 6.382),
(811, 1, 1, 3.575, 1.069, -0.51, -2.458, 1.52, 0.271, -3.167, -3.386, -3.82, -4.386, 1.562, 6.402),
(812, 1, 1, 3.575, 1.078, -0.5, -2.461, 1.516, 0.281, -3.167, -3.379, -3.814, -4.373, 1.565, 6.395),
(813, 1, 1, 3.51, 1.101, -0.412, -2.441, 1.438, 0.337, -3.18, -3.369, -3.83, -4.373, 1.549, 6.373),
(814, 1, 1, 3.654, 1.17, -0.487, -2.546, 1.549, 0.333, -3.216, -3.386, -3.846, -4.386, 1.546, 6.373),
(815, 1, 1, 3.627, 1.157, -0.474, -2.526, 1.529, 0.333, -3.242, -3.376, -3.853, -4.405, 1.536, 6.359),
(816, 1, 1, 3.647, 1.144, -0.507, -2.529, 1.556, 0.31, -3.261, -3.346, -3.827, -4.408, 1.497, 6.32),
(817, 1, 1, 3.575, 1.131, -0.448, -2.487, 1.49, 0.333, -3.248, -3.307, -3.784, -4.386, 1.565, 6.382),
(818, 1, 1, 3.601, 1.131, -0.474, -2.5, 1.516, 0.32, -3.248, -3.284, -3.752, -4.382, 1.637, 6.435),
(819, 1, 1, 3.663, 1.16, -0.507, -2.546, 1.562, 0.317, -3.261, -3.278, -3.722, -4.382, 1.703, 6.474),
(820, 1, 1, 3.601, 1.209, -0.395, -2.539, 1.477, 0.399, -3.222, -3.222, -3.647, -4.324, 1.69, 6.451),
(821, 1, 1, 3.667, 1.235, -0.435, -2.585, 1.529, 0.392, -3.222, -3.186, -3.585, -4.278, 1.663, 6.438),
(822, 1, 1, 3.663, 1.261, -0.405, -2.598, 1.513, 0.418, -3.225, -3.16, -3.523, -4.212, 1.725, 6.49),
(823, 1, 1, 3.761, 1.235, -0.529, -2.634, 1.624, 0.343, -3.235, -3.137, -3.48, -4.183, 1.729, 6.474),
(824, 1, 1, 3.748, 1.346, -0.405, -2.683, 1.556, 0.461, -3.235, -3.069, -3.386, -4.092, 1.745, 6.487),
(825, 1, 1, 3.745, 1.363, -0.386, -2.69, 1.542, 0.48, -3.245, -3.01, -3.317, -4.023, 1.807, 6.526),
(826, 1, 1, 3.827, 1.405, -0.425, -2.752, 1.605, 0.48, -3.291, -2.997, -3.288, -4, 1.784, 6.484),
(827, 1, 1, 3.817, 1.389, -0.431, -2.739, 1.601, 0.471, -3.31, -2.971, -3.261, -3.971, 1.781, 6.497),
(828, 1, 1, 3.824, 1.402, -0.425, -2.748, 1.601, 0.48, -3.337, -2.977, -3.268, -3.958, 1.791, 6.503),
(829, 1, 1, 3.85, 1.386, -0.467, -2.752, 1.637, 0.451, -3.356, -3.02, -3.333, -4, 1.758, 6.49),
(830, 1, 1, 3.859, 1.395, -0.467, -2.761, 1.641, 0.454, -3.373, -3.078, -3.418, -4.062, 1.761, 6.513),
(831, 1, 1, 3.794, 1.34, -0.458, -2.703, 1.605, 0.431, -3.363, -3.173, -3.546, -4.173, 1.725, 6.5),
(832, 1, 1, 3.755, 1.242, -0.516, -2.634, 1.614, 0.353, -3.346, -3.245, -3.657, -4.261, 1.624, 6.425),
(833, 1, 1, 3.758, 1.229, -0.533, -2.627, 1.624, 0.34, -3.346, -3.33, -3.742, -4.317, 1.559, 6.399),
(834, 1, 1, 3.663, 1.147, -0.52, -2.539, 1.569, 0.304, -3.275, -3.327, -3.716, -4.288, 1.608, 6.454),
(835, 1, 1, 3.621, 1.085, -0.539, -2.487, 1.559, 0.265, -3.278, -3.382, -3.732, -4.304, 1.565, 6.431),
(836, 1, 1, 3.706, 1.046, -0.663, -2.51, 1.663, 0.183, -3.271, -3.392, -3.696, -4.301, 1.526, 6.402),
(837, 1, 1, 3.627, 0.902, -0.729, -2.399, 1.657, 0.078, -3.209, -3.343, -3.647, -4.271, 1.542, 6.422),
(838, 1, 1, 3.729, 0.788, -0.944, -2.392, 1.814, -0.088, -3.154, -3.261, -3.569, -4.222, 1.608, 6.49),
(839, 1, 1, 3.618, 0.317, -1.304, -2.101, 1.938, -0.503, -2.993, -3.101, -3.412, -4.111, 1.735, 6.618),
(840, 1, 1, 3.676, 0.062, -1.618, -2.003, 2.124, -0.788, -2.899, -3, -3.346, -4.036, 1.843, 6.729),
(841, 1, 1, 3.716, 0.065, -1.654, -2.026, 2.163, -0.804, -2.944, -3.039, -3.428, -4.088, 1.794, 6.68),
(842, 1, 1, 3.621, 0.196, -1.428, -2.042, 2.003, -0.624, -2.971, -3.065, -3.484, -4.127, 1.771, 6.654),
(843, 1, 1, 3.624, 0.402, -1.225, -2.147, 1.902, -0.422, -3.033, -3.137, -3.565, -4.199, 1.716, 6.588),
(844, 1, 1, 3.667, 0.52, -1.15, -2.229, 1.886, -0.324, -3.095, -3.176, -3.608, -4.268, 1.65, 6.526),
(845, 1, 1, 3.608, 0.601, -1.01, -2.239, 1.788, -0.212, -3.118, -3.193, -3.647, -4.33, 1.647, 6.529),
(846, 1, 1, 3.631, 0.739, -0.895, -2.32, 1.742, -0.088, -3.163, -3.219, -3.68, -4.379, 1.68, 6.549),
(847, 1, 1, 3.673, 0.83, -0.846, -2.386, 1.739, -0.016, -3.19, -3.235, -3.69, -4.422, 1.637, 6.507),
(848, 1, 1, 3.637, 0.935, -0.706, -2.422, 1.65, 0.105, -3.216, -3.275, -3.817, -4.48, 1.605, 6.471),
(849, 1, 1, 3.673, 1.039, -0.637, -2.49, 1.634, 0.193, -3.275, -3.333, -3.807, -4.539, 1.542, 6.422),
(850, 1, 1, 3.644, 1.147, -0.5, -2.529, 1.549, 0.314, -3.317, -3.395, -3.912, -4.631, 1.484, 6.373),
(851, 1, 1, 3.654, 1.225, -0.431, -2.575, 1.52, 0.389, -3.343, -3.428, -4.033, -4.729, 1.435, 6.34),
(852, 1, 1, 3.693, 1.304, -0.392, -2.634, 1.52, 0.448, -3.359, -3.454, -4.098, -4.771, 1.412, 6.314),
(853, 1, 1, 3.683, 1.33, -0.356, -2.641, 1.497, 0.477, -3.304, -3.402, -4.092, -4.735, 1.431, 6.33),
(854, 1, 1, 3.67, 1.304, -0.369, -2.621, 1.497, 0.458, -3.278, -3.386, -4.059, -4.69, 1.474, 6.369),
(855, 1, 1, 3.65, 1.225, -0.428, -2.572, 1.516, 0.389, -3.281, -3.399, -4.059, -4.654, 1.422, 6.314),
(856, 1, 1, 3.67, 1.275, -0.399, -2.608, 1.513, 0.428, -3.288, -3.422, -4.131, -4.601, 1.444, 6.324),
(857, 1, 1, 3.627, 1.346, -0.284, -2.621, 1.435, 0.523, -3.275, -3.405, -4.124, -4.562, 1.458, 6.324),
(858, 1, 1, 3.696, 1.392, -0.307, -2.68, 1.48, 0.533, -3.301, -3.408, -3.984, -4.536, 1.399, 6.248),
(859, 1, 1, 3.716, 1.467, -0.252, -2.725, 1.461, 0.598, -3.34, -3.431, -3.918, -4.536, 1.366, 6.209),
(860, 1, 1, 3.703, 1.601, -0.105, -2.788, 1.382, 0.739, -3.353, -3.441, -3.869, -4.542, 1.408, 6.242),
(861, 1, 1, 3.735, 1.663, -0.075, -2.833, 1.382, 0.784, -3.402, -3.471, -3.882, -4.559, 1.431, 6.229),
(862, 1, 1, 3.784, 1.526, -0.261, -2.791, 1.5, 0.624, -3.428, -3.444, -3.846, -4.523, 1.395, 6.212),
(863, 1, 1, 3.856, 1.415, -0.444, -2.771, 1.627, 0.477, -3.467, -3.422, -3.81, -4.454, 1.542, 6.337),
(864, 1, 1, 3.732, 1.337, -0.399, -2.67, 1.542, 0.461, -3.395, -3.395, -3.817, -4.454, 1.588, 6.366),
(865, 1, 1, 3.775, 1.261, -0.516, -2.654, 1.624, 0.363, -3.382, -3.422, -3.902, -4.529, 1.497, 6.304),
(866, 1, 1, 3.748, 1.229, -0.523, -2.624, 1.614, 0.343, -3.389, -3.438, -3.944, -4.549, 1.461, 6.271),
(867, 1, 1, 3.712, 1.258, -0.458, -2.621, 1.562, 0.392, -3.281, -3.382, -3.931, -4.493, 1.451, 6.268),
(868, 1, 1, 3.699, 1.235, -0.467, -2.601, 1.562, 0.376, -3.229, -3.369, -3.935, -4.477, 1.471, 6.261),
(869, 1, 1, 3.732, 1.15, -0.585, -2.575, 1.637, 0.275, -3.232, -3.392, -3.974, -4.539, 1.392, 6.18),
(870, 1, 1, 3.618, 1.108, -0.513, -2.497, 1.542, 0.288, -3.167, -3.35, -3.869, -4.523, 1.405, 6.186),
(871, 1, 1, 3.614, 1.095, -0.523, -2.49, 1.546, 0.278, -3.176, -3.35, -3.804, -4.507, 1.392, 6.176),
(872, 1, 1, 3.637, 1.046, -0.595, -2.477, 1.595, 0.216, -3.193, -3.359, -3.824, -4.51, 1.346, 6.15),
(873, 1, 1, 3.598, 1.092, -0.51, -2.48, 1.533, 0.281, -3.16, -3.337, -3.791, -4.471, 1.438, 6.212),
(874, 1, 1, 3.637, 1.059, -0.582, -2.484, 1.588, 0.229, -3.163, -3.363, -3.879, -4.497, 1.405, 6.183),
(875, 1, 1, 3.438, 0.984, -0.458, -2.346, 1.425, 0.255, -3.026, -3.268, -3.899, -4.49, 1.327, 6.105),
(876, 1, 1, 3.507, 1.098, -0.412, -2.438, 1.438, 0.333, -2.935, -3.18, -3.824, -4.408, 1.33, 6.082),
(877, 1, 1, 3.67, 1.196, -0.477, -2.569, 1.552, 0.35, -2.948, -3, -3.559, -4.108, 1.503, 6.219),
(878, 1, 1, 4.092, 1.552, -0.542, -2.958, 1.794, 0.497, -3.167, -2.716, -3.026, -3.448, 1.98, 6.676),
(879, 1, 1, 4.676, 1.902, -0.778, -3.425, 2.206, 0.556, -3.51, -2.507, -2.592, -2.895, 2.441, 7.206),
(880, 1, 1, 4.542, 1.915, -0.631, -3.363, 2.065, 0.634, -3.66, -2.801, -2.797, -3.033, 2.428, 7.327),
(881, 1, 1, 4.056, 1.314, -0.745, -2.82, 1.879, 0.278, -3.373, -3.114, -3.575, -3.928, 1.843, 6.81),
(882, 1, 1, 3.83, 0.817, -1.016, -2.458, 1.902, -0.108, -3.036, -2.987, -3.765, -4.301, 1.356, 6.304),
(883, 1, 1, 3.703, 0.922, -0.784, -2.448, 1.722, 0.059, -3.098, -3.222, -3.941, -4.428, 1.369, 6.297),
(884, 1, 1, 3.654, 1.003, -0.654, -2.464, 1.631, 0.167, -3.15, -3.284, -3.925, -4.405, 1.428, 6.346),
(885, 1, 1, 3.706, 1.144, -0.565, -2.559, 1.614, 0.281, -3.105, -3.261, -3.873, -4.373, 1.513, 6.389),
(886, 1, 1, 3.663, 1.111, -0.556, -2.523, 1.588, 0.268, -3.111, -3.307, -3.892, -4.402, 1.454, 6.31),
(887, 1, 1, 3.621, 1.069, -0.556, -2.48, 1.565, 0.248, -3.108, -3.317, -3.886, -4.399, 1.428, 6.278),
(888, 1, 1, 3.654, 1.154, -0.503, -2.539, 1.556, 0.317, -3.078, -3.31, -3.859, -4.366, 1.451, 6.281),
(889, 1, 1, 3.614, 1.088, -0.529, -2.487, 1.549, 0.271, -3.065, -3.31, -3.866, -4.359, 1.438, 6.281),
(890, 1, 1, 3.614, 1.095, -0.523, -2.49, 1.546, 0.278, -3.069, -3.327, -3.869, -4.359, 1.454, 6.288),
(891, 1, 1, 3.624, 1.141, -0.487, -2.516, 1.533, 0.317, -3.059, -3.307, -3.84, -4.34, 1.464, 6.297),
(892, 1, 1, 3.641, 1.095, -0.549, -2.503, 1.572, 0.265, -3.056, -3.31, -3.824, -4.333, 1.451, 6.278),
(893, 1, 1, 3.676, 1.15, -0.529, -2.549, 1.582, 0.301, -3.049, -3.304, -3.817, -4.33, 1.477, 6.304),
(894, 1, 1, 3.654, 1.131, -0.526, -2.526, 1.569, 0.294, -3.026, -3.288, -3.801, -4.327, 1.451, 6.258),
(895, 1, 1, 3.673, 1.163, -0.513, -2.552, 1.572, 0.317, -3.036, -3.301, -3.817, -4.343, 1.435, 6.252),
(896, 1, 1, 3.716, 1.196, -0.523, -2.592, 1.598, 0.327, -3.029, -3.284, -3.807, -4.327, 1.448, 6.258),
(897, 1, 1, 3.654, 1.127, -0.529, -2.526, 1.569, 0.291, -3.02, -3.288, -3.814, -4.327, 1.49, 6.281),
(898, 1, 1, 3.683, 1.147, -0.539, -2.549, 1.588, 0.294, -3.013, -3.268, -3.791, -4.301, 1.516, 6.304),
(899, 1, 1, 3.68, 1.17, -0.513, -2.559, 1.575, 0.32, -3.023, -3.271, -3.781, -4.291, 1.523, 6.317),
(900, 1, 1, 3.712, 1.144, -0.572, -2.562, 1.621, 0.278, -3.007, -3.245, -3.758, -4.258, 1.526, 6.317),
(901, 1, 1, 3.706, 1.141, -0.569, -2.559, 1.614, 0.278, -2.977, -3.209, -3.732, -4.219, 1.536, 6.32),
(902, 1, 1, 3.755, 1.15, -0.608, -2.588, 1.66, 0.261, -2.967, -3.173, -3.693, -4.173, 1.578, 6.353),
(903, 1, 1, 3.778, 1.147, -0.634, -2.598, 1.683, 0.248, -2.958, -3.147, -3.657, -4.137, 1.595, 6.343),
(904, 1, 1, 3.778, 1.124, -0.657, -2.585, 1.696, 0.225, -2.951, -3.108, -3.582, -4.078, 1.601, 6.35),
(905, 1, 1, 3.873, 1.144, -0.732, -2.644, 1.781, 0.196, -2.928, -3.042, -3.474, -3.99, 1.65, 6.382),
(906, 1, 1, 3.856, 1.098, -0.761, -2.611, 1.788, 0.16, -2.941, -3.01, -3.412, -3.941, 1.68, 6.389),
(907, 1, 1, 3.876, 1.098, -0.781, -2.621, 1.807, 0.15, -2.922, -2.954, -3.343, -3.873, 1.709, 6.425),
(908, 1, 1, 3.993, 1.147, -0.85, -2.706, 1.899, 0.141, -2.928, -2.922, -3.304, -3.843, 1.732, 6.464),
(909, 1, 1, 3.984, 1.121, -0.866, -2.686, 1.902, 0.118, -2.958, -2.931, -3.317, -3.876, 1.732, 6.474),
(910, 1, 1, 3.908, 1.108, -0.804, -2.644, 1.833, 0.144, -2.967, -2.958, -3.353, -3.941, 1.716, 6.477),
(911, 1, 1, 3.833, 1.078, -0.758, -2.592, 1.775, 0.15, -2.993, -3.029, -3.454, -4.046, 1.706, 6.51),
(912, 1, 1, 3.827, 1.154, -0.676, -2.624, 1.729, 0.229, -3.033, -3.111, -3.582, -4.186, 1.667, 6.477),
(913, 1, 1, 3.748, 1.225, -0.526, -2.621, 1.614, 0.34, -3.072, -3.209, -3.709, -4.34, 1.605, 6.435),
(914, 1, 1, 3.739, 1.203, -0.539, -2.605, 1.618, 0.324, -3.078, -3.265, -3.794, -4.428, 1.569, 6.412),
(915, 1, 1, 3.657, 1.111, -0.549, -2.52, 1.582, 0.271, -3.075, -3.307, -3.853, -4.487, 1.533, 6.382),
(916, 1, 1, 3.716, 1.105, -0.614, -2.546, 1.644, 0.235, -3.065, -3.317, -3.879, -4.526, 1.513, 6.366),
(917, 1, 1, 3.657, 1.065, -0.595, -2.497, 1.605, 0.225, -3.062, -3.33, -3.905, -4.546, 1.516, 6.359),
(918, 1, 1, 3.657, 1.01, -0.65, -2.467, 1.631, 0.17, -3.039, -3.307, -3.873, -4.536, 1.533, 6.366),
(919, 1, 1, 3.588, 0.941, -0.65, -2.399, 1.598, 0.137, -3.029, -3.304, -3.859, -4.533, 1.516, 6.343),
(920, 1, 1, 3.663, 0.958, -0.709, -2.444, 1.663, 0.114, -3.029, -3.304, -3.846, -4.52, 1.493, 6.317),
(921, 1, 1, 3.676, 0.958, -0.722, -2.451, 1.676, 0.108, -3.003, -3.281, -3.804, -4.477, 1.507, 6.33),
(922, 1, 1, 3.676, 1.007, -0.673, -2.477, 1.654, 0.157, -2.987, -3.275, -3.781, -4.441, 1.52, 6.327),
(923, 1, 1, 3.693, 0.987, -0.709, -2.474, 1.68, 0.131, -2.974, -3.271, -3.758, -4.431, 1.49, 6.297),
(924, 1, 1, 3.654, 1.007, -0.65, -2.464, 1.631, 0.17, -2.974, -3.271, -3.739, -4.415, 1.493, 6.32),
(925, 1, 1, 3.647, 0.99, -0.66, -2.454, 1.631, 0.157, -2.99, -3.278, -3.735, -4.399, 1.497, 6.317),
(926, 1, 1, 3.673, 1.016, -0.66, -2.48, 1.644, 0.17, -3, -3.271, -3.729, -4.376, 1.487, 6.307),
(927, 1, 1, 3.641, 1.003, -0.641, -2.458, 1.618, 0.173, -3.01, -3.275, -3.719, -4.356, 1.5, 6.314),
(928, 1, 1, 3.605, 0.974, -0.634, -2.425, 1.598, 0.16, -3.023, -3.275, -3.732, -4.35, 1.477, 6.281),
(929, 1, 1, 3.631, 1.033, -0.601, -2.467, 1.595, 0.206, -3.036, -3.265, -3.748, -4.32, 1.493, 6.304),
(930, 1, 1, 3.65, 1.042, -0.611, -2.48, 1.608, 0.206, -3.046, -3.258, -3.748, -4.301, 1.503, 6.301),
(931, 1, 1, 3.621, 1.02, -0.605, -2.454, 1.592, 0.199, -3.059, -3.271, -3.729, -4.32, 1.5, 6.291),
(932, 1, 1, 3.608, 0.997, -0.614, -2.438, 1.588, 0.183, -3.046, -3.248, -3.693, -4.304, 1.51, 6.307),
(933, 1, 1, 3.634, 1.003, -0.634, -2.454, 1.611, 0.176, -3.029, -3.235, -3.683, -4.291, 1.52, 6.314),
(934, 1, 1, 3.667, 0.967, -0.703, -2.451, 1.663, 0.124, -3.039, -3.225, -3.68, -4.281, 1.513, 6.304),
(935, 1, 1, 3.644, 0.938, -0.709, -2.425, 1.654, 0.105, -3.049, -3.229, -3.676, -4.275, 1.536, 6.333),
(936, 1, 1, 3.598, 0.935, -0.667, -2.402, 1.611, 0.124, -3.049, -3.225, -3.673, -4.265, 1.542, 6.35),
(937, 1, 1, 3.644, 0.974, -0.673, -2.444, 1.637, 0.141, -3.052, -3.212, -3.66, -4.235, 1.562, 6.369),
(938, 1, 1, 3.614, 1.052, -0.565, -2.467, 1.569, 0.235, -3.092, -3.239, -3.69, -4.252, 1.569, 6.379),
(939, 1, 1, 3.67, 1.17, -0.503, -2.556, 1.565, 0.324, -3.124, -3.252, -3.716, -4.275, 1.549, 6.369),
(940, 1, 1, 3.686, 1.235, -0.454, -2.595, 1.549, 0.382, -3.163, -3.291, -3.755, -4.304, 1.52, 6.343),
(941, 1, 1, 3.667, 1.333, -0.337, -2.634, 1.48, 0.49, -3.235, -3.34, -3.794, -4.327, 1.526, 6.346),
(942, 1, 1, 3.752, 1.356, -0.399, -2.69, 1.552, 0.471, -3.304, -3.359, -3.82, -4.337, 1.516, 6.346),
(943, 1, 1, 3.788, 1.366, -0.425, -2.712, 1.585, 0.461, -3.307, -3.32, -3.784, -4.284, 1.565, 6.402),
(944, 1, 1, 3.775, 1.281, -0.497, -2.663, 1.614, 0.382, -3.288, -3.337, -3.81, -4.314, 1.556, 6.405),
(945, 1, 1, 3.752, 1.225, -0.529, -2.624, 1.618, 0.34, -3.235, -3.33, -3.82, -4.337, 1.546, 6.392),
(946, 1, 1, 3.752, 1.193, -0.562, -2.608, 1.634, 0.307, -3.212, -3.314, -3.804, -4.333, 1.533, 6.399),
(947, 1, 1, 3.745, 1.173, -0.575, -2.595, 1.637, 0.291, -3.18, -3.317, -3.824, -4.359, 1.51, 6.34),
(948, 1, 1, 3.595, 1.16, -0.438, -2.513, 1.493, 0.353, -3.157, -3.31, -3.827, -4.356, 1.516, 6.379),
(949, 1, 1, 3.683, 1.137, -0.549, -2.546, 1.595, 0.284, -3.141, -3.307, -3.843, -4.389, 1.52, 6.346),
(950, 1, 1, 3.572, 1.078, -0.497, -2.461, 1.513, 0.281, -3.101, -3.284, -3.846, -4.392, 1.5, 6.32),
(951, 1, 1, 3.627, 1.056, -0.575, -2.477, 1.578, 0.232, -3.154, -3.324, -3.895, -4.425, 1.425, 6.268),
(952, 1, 1, 3.611, 1.065, -0.549, -2.474, 1.559, 0.248, -3.118, -3.271, -3.863, -4.408, 1.49, 6.314),
(953, 1, 1, 3.667, 1.092, -0.578, -2.513, 1.601, 0.248, -3.137, -3.288, -3.886, -4.474, 1.5, 6.327),
(954, 1, 1, 3.569, 1.052, -0.52, -2.444, 1.523, 0.258, -3.075, -3.242, -3.859, -4.48, 1.5, 6.317),
(955, 1, 1, 3.497, 1.007, -0.493, -2.386, 1.474, 0.248, -2.98, -3.183, -3.824, -4.493, 1.444, 6.222),
(956, 1, 1, 3.408, 1.046, -0.366, -2.363, 1.366, 0.33, -2.843, -3.092, -3.712, -4.422, 1.467, 6.196),
(957, 1, 1, 3.601, 1.134, -0.471, -2.503, 1.513, 0.324, -2.866, -2.967, -3.49, -4.203, 1.523, 6.239),
(958, 1, 1, 3.961, 1.539, -0.425, -2.886, 1.67, 0.549, -3.01, -2.624, -2.863, -3.49, 2.013, 6.676),
(959, 1, 1, 4.559, 1.873, -0.69, -3.35, 2.101, 0.585, -3.35, -2.34, -2.31, -2.843, 2.48, 7.17),
(960, 1, 1, 4.503, 1.846, -0.66, -3.31, 2.059, 0.585, -3.539, -2.572, -2.386, -2.837, 2.536, 7.34),
(961, 1, 1, 4.072, 1.484, -0.592, -2.912, 1.81, 0.438, -3.278, -3.065, -3.261, -3.775, 2.046, 6.931),
(962, 1, 1, 3.817, 0.922, -0.899, -2.503, 1.837, 0.003, -2.899, -2.967, -3.562, -4.32, 1.441, 6.333),
(963, 1, 1, 3.663, 1.013, -0.654, -2.474, 1.637, 0.17, -2.971, -3.176, -3.722, -4.425, 1.435, 6.307),
(964, 1, 1, 3.712, 1.059, -0.657, -2.52, 1.663, 0.193, -3.088, -3.284, -3.794, -4.464, 1.441, 6.294),
(965, 1, 1, 3.634, 1.137, -0.5, -2.52, 1.546, 0.31, -3.056, -3.258, -3.758, -4.405, 1.5, 6.294),
(966, 1, 1, 3.614, 1.121, -0.497, -2.503, 1.533, 0.304, -3.059, -3.261, -3.768, -4.405, 1.497, 6.288),
(967, 1, 1, 3.644, 1.144, -0.503, -2.529, 1.552, 0.31, -3.069, -3.268, -3.775, -4.395, 1.526, 6.324),
(968, 1, 1, 3.627, 1.095, -0.536, -2.497, 1.559, 0.271, -3.065, -3.268, -3.768, -4.379, 1.546, 6.356),
(969, 1, 1, 3.644, 1.118, -0.529, -2.516, 1.565, 0.284, -3.082, -3.275, -3.765, -4.366, 1.546, 6.366),
(970, 1, 1, 3.598, 1.088, -0.513, -2.477, 1.533, 0.278, -3.082, -3.294, -3.765, -4.343, 1.533, 6.376),
(971, 1, 1, 3.614, 1.069, -0.549, -2.477, 1.559, 0.252, -3.078, -3.301, -3.755, -4.317, 1.493, 6.369),
(972, 1, 1, 3.644, 1.069, -0.578, -2.49, 1.588, 0.235, -3.085, -3.304, -3.735, -4.294, 1.503, 6.379),
(973, 1, 1, 3.614, 1.062, -0.556, -2.474, 1.562, 0.245, -3.108, -3.327, -3.732, -4.284, 1.542, 6.405),
(974, 1, 1, 3.644, 1.075, -0.572, -2.493, 1.585, 0.242, -3.111, -3.33, -3.722, -4.284, 1.48, 6.353),
(975, 1, 1, 3.68, 1.046, -0.637, -2.497, 1.637, 0.196, -3.137, -3.346, -3.716, -4.288, 1.474, 6.346),
(976, 1, 1, 3.644, 1, -0.647, -2.458, 1.624, 0.167, -3.098, -3.278, -3.65, -4.232, 1.542, 6.405),
(977, 1, 1, 3.657, 0.987, -0.673, -2.458, 1.644, 0.147, -3.059, -3.216, -3.588, -4.186, 1.585, 6.444),
(978, 1, 1, 3.67, 0.84, -0.833, -2.389, 1.729, -0.007, -3.039, -3.18, -3.556, -4.167, 1.601, 6.454),
(979, 1, 1, 3.68, 0.647, -1.036, -2.297, 1.837, -0.203, -2.987, -3.111, -3.484, -4.108, 1.693, 6.533),
(980, 1, 1, 3.696, 0.559, -1.141, -2.261, 1.895, -0.301, -2.935, -3.042, -3.415, -4.049, 1.771, 6.595),
(981, 1, 1, 3.69, 0.556, -1.137, -2.258, 1.892, -0.301, -2.948, -3.033, -3.402, -4.056, 1.771, 6.578),
(982, 1, 1, 3.739, 0.67, -1.072, -2.34, 1.882, -0.209, -2.961, -3, -3.359, -4.062, 1.807, 6.582),
(983, 1, 1, 3.752, 0.761, -0.993, -2.392, 1.85, -0.124, -3.016, -3.003, -3.337, -4.056, 1.84, 6.618),
(984, 1, 1, 3.84, 0.879, -0.964, -2.493, 1.879, -0.052, -3.059, -2.987, -3.314, -4.016, 1.827, 6.585),
(985, 1, 1, 3.791, 0.948, -0.846, -2.503, 1.797, 0.042, -3.065, -2.944, -3.265, -3.977, 1.856, 6.608),
(986, 1, 1, 3.866, 1.036, -0.833, -2.585, 1.827, 0.092, -3.134, -2.951, -3.281, -3.961, 1.837, 6.588),
(987, 1, 1, 3.882, 1.176, -0.709, -2.663, 1.775, 0.225, -3.186, -2.961, -3.304, -3.987, 1.824, 6.572),
(988, 1, 1, 3.899, 1.35, -0.552, -2.758, 1.703, 0.389, -3.245, -2.984, -3.356, -4.029, 1.788, 6.549),
(989, 1, 1, 4, 1.536, -0.467, -2.902, 1.712, 0.526, -3.32, -3.049, -3.451, -4.095, 1.686, 6.474),
(990, 1, 1, 3.938, 1.542, -0.399, -2.876, 1.647, 0.562, -3.33, -3.095, -3.52, -4.131, 1.667, 6.471),
(991, 1, 1, 3.964, 1.634, -0.333, -2.935, 1.627, 0.641, -3.373, -3.222, -3.693, -4.265, 1.627, 6.444),
(992, 1, 1, 3.941, 1.739, -0.206, -2.974, 1.552, 0.758, -3.402, -3.35, -3.892, -4.415, 1.51, 6.359),
(993, 1, 1, 3.807, 1.768, -0.042, -2.922, 1.402, 0.853, -3.418, -3.461, -4.046, -4.546, 1.435, 6.307),
(994, 1, 1, 3.791, 1.807, 0.013, -2.935, 1.366, 0.902, -3.402, -3.503, -4.154, -4.601, 1.389, 6.261),
(995, 1, 1, 3.784, 1.624, -0.163, -2.84, 1.451, 0.722, -3.307, -3.454, -4.141, -4.565, 1.399, 6.284),
(996, 1, 1, 3.729, 1.412, -0.32, -2.706, 1.503, 0.536, -3.219, -3.399, -4.069, -4.51, 1.461, 6.356),
(997, 1, 1, 3.752, 1.327, -0.428, -2.673, 1.569, 0.441, -3.206, -3.392, -3.941, -4.493, 1.487, 6.359),
(998, 1, 1, 3.765, 1.242, -0.526, -2.637, 1.624, 0.35, -3.199, -3.386, -3.859, -4.477, 1.474, 6.346),
(999, 1, 1, 3.739, 1.186, -0.556, -2.598, 1.624, 0.307, -3.16, -3.343, -3.755, -4.428, 1.493, 6.366),
(1000, 1, 1, 3.683, 1.127, -0.559, -2.539, 1.598, 0.275, -3.15, -3.337, -3.706, -4.422, 1.49, 6.343);
INSERT INTO `ecg` (`id`, `id_pasien`, `id_rekaman`, `i`, `ii`, `iii`, `avr`, `avl`, `avf`, `v1`, `v2`, `v3`, `v4`, `v5`, `v6`) VALUES
(1001, 1, 4, 3.761, 1.137, -0.627, -2.585, 1.673, 0.245, -3.157, -3.34, -3.709, -4.418, 1.441, 6.301),
(1002, 1, 4, 3.703, 1.141, -0.565, -2.556, 1.611, 0.278, -3.127, -3.307, -3.699, -4.389, 1.454, 6.294),
(1003, 1, 4, 3.732, 1.163, -0.572, -2.582, 1.631, 0.288, -3.144, -3.337, -3.745, -4.408, 1.415, 6.265),
(1004, 1, 4, 3.739, 1.157, -0.585, -2.582, 1.641, 0.278, -3.157, -3.35, -3.761, -4.395, 1.487, 6.34),
(1005, 1, 4, 3.739, 1.176, -0.565, -2.592, 1.631, 0.297, -3.176, -3.359, -3.788, -4.389, 1.52, 6.35),
(1006, 1, 4, 3.739, 1.212, -0.529, -2.611, 1.611, 0.333, -3.17, -3.363, -3.846, -4.382, 1.507, 6.33),
(1007, 1, 4, 3.729, 1.193, -0.539, -2.595, 1.611, 0.317, -3.167, -3.369, -3.905, -4.392, 1.461, 6.284),
(1008, 1, 4, 3.729, 1.196, -0.536, -2.598, 1.611, 0.32, -3.167, -3.373, -3.902, -4.389, 1.467, 6.294),
(1009, 1, 4, 3.732, 1.144, -0.592, -2.572, 1.641, 0.268, -3.167, -3.363, -3.83, -4.386, 1.461, 6.301),
(1010, 1, 4, 3.676, 1.167, -0.513, -2.556, 1.572, 0.317, -3.163, -3.363, -3.81, -4.389, 1.493, 6.327),
(1011, 1, 4, 3.722, 1.173, -0.552, -2.582, 1.614, 0.301, -3.176, -3.399, -3.83, -4.444, 1.428, 6.265),
(1012, 1, 4, 3.696, 1.209, -0.49, -2.588, 1.572, 0.35, -3.131, -3.356, -3.781, -4.408, 1.448, 6.31),
(1013, 1, 4, 3.752, 1.15, -0.605, -2.585, 1.657, 0.265, -3.16, -3.392, -3.837, -4.425, 1.454, 6.301),
(1014, 1, 4, 3.683, 1.176, -0.51, -2.565, 1.575, 0.324, -3.144, -3.376, -3.846, -4.418, 1.464, 6.307),
(1015, 1, 4, 3.667, 1.127, -0.542, -2.533, 1.582, 0.284, -3.124, -3.359, -3.84, -4.392, 1.451, 6.314),
(1016, 1, 4, 3.627, 1.065, -0.565, -2.48, 1.575, 0.242, -3.121, -3.363, -3.85, -4.35, 1.484, 6.337),
(1017, 1, 4, 3.614, 1.111, -0.507, -2.497, 1.539, 0.294, -3.108, -3.34, -3.833, -4.294, 1.523, 6.392),
(1018, 1, 4, 3.748, 1.203, -0.549, -2.611, 1.627, 0.317, -3.121, -3.327, -3.827, -4.271, 1.526, 6.402),
(1019, 1, 4, 3.788, 1.193, -0.598, -2.624, 1.67, 0.288, -3.16, -3.343, -3.869, -4.314, 1.48, 6.373),
(1020, 1, 4, 3.758, 1.209, -0.552, -2.618, 1.634, 0.32, -3.16, -3.333, -3.859, -4.346, 1.484, 6.386),
(1021, 1, 4, 3.742, 1.229, -0.516, -2.621, 1.608, 0.346, -3.203, -3.343, -3.873, -4.346, 1.51, 6.425),
(1022, 1, 4, 3.846, 1.304, -0.546, -2.709, 1.673, 0.369, -3.229, -3.34, -3.886, -4.337, 1.542, 6.444),
(1023, 1, 4, 3.81, 1.314, -0.5, -2.696, 1.634, 0.399, -3.324, -3.392, -3.931, -4.366, 1.595, 6.493),
(1024, 1, 4, 3.876, 1.366, -0.513, -2.755, 1.673, 0.418, -3.363, -3.408, -3.928, -4.376, 1.503, 6.448),
(1025, 1, 4, 3.761, 1.219, -0.546, -2.624, 1.631, 0.327, -3.31, -3.405, -3.915, -4.395, 1.503, 6.422),
(1026, 1, 4, 3.889, 1.291, -0.601, -2.725, 1.722, 0.337, -3.31, -3.425, -3.905, -4.415, 1.454, 6.389),
(1027, 1, 4, 3.856, 1.301, -0.559, -2.712, 1.686, 0.363, -3.248, -3.386, -3.85, -4.376, 1.49, 6.415),
(1028, 1, 4, 3.768, 1.284, -0.487, -2.66, 1.605, 0.389, -3.193, -3.382, -3.853, -4.379, 1.51, 6.399),
(1029, 1, 4, 3.637, 1.19, -0.451, -2.549, 1.523, 0.359, -3.16, -3.369, -3.84, -4.369, 1.539, 6.431),
(1030, 1, 4, 3.667, 1.17, -0.5, -2.552, 1.562, 0.327, -3.147, -3.373, -3.863, -4.402, 1.441, 6.356),
(1031, 1, 4, 3.66, 1.141, -0.523, -2.536, 1.569, 0.301, -3.108, -3.34, -3.837, -4.373, 1.516, 6.402),
(1032, 1, 4, 3.703, 1.17, -0.536, -2.572, 1.598, 0.307, -3.114, -3.35, -3.856, -4.379, 1.507, 6.382),
(1033, 1, 4, 3.637, 1.15, -0.49, -2.529, 1.542, 0.32, -3.105, -3.363, -3.879, -4.399, 1.48, 6.353),
(1034, 1, 4, 3.673, 1.15, -0.526, -2.546, 1.578, 0.304, -3.111, -3.359, -3.892, -4.412, 1.461, 6.337),
(1035, 1, 4, 3.634, 1.095, -0.542, -2.5, 1.565, 0.268, -3.023, -3.291, -3.856, -4.402, 1.412, 6.288),
(1036, 1, 4, 3.51, 1.078, -0.435, -2.428, 1.451, 0.314, -2.895, -3.209, -3.804, -4.369, 1.399, 6.225),
(1037, 1, 4, 3.592, 1.118, -0.477, -2.49, 1.513, 0.31, -2.859, -3.105, -3.676, -4.242, 1.444, 6.252),
(1038, 1, 4, 3.84, 1.405, -0.438, -2.758, 1.618, 0.474, -2.931, -2.905, -3.294, -3.775, 1.768, 6.529),
(1039, 1, 4, 4.373, 1.817, -0.559, -3.229, 1.944, 0.621, -3.271, -2.758, -2.889, -3.232, 2.242, 7.016),
(1040, 1, 4, 4.748, 1.941, -0.81, -3.48, 2.258, 0.559, -3.565, -2.69, -2.68, -2.948, 2.471, 7.343),
(1041, 1, 4, 4.225, 1.873, -0.356, -3.183, 1.768, 0.752, -3.539, -3.216, -3.301, -3.549, 2.34, 7.297),
(1042, 1, 4, 3.948, 0.967, -0.984, -2.592, 1.944, -0.016, -3.039, -2.993, -3.605, -4.206, 1.51, 6.49),
(1043, 1, 4, 3.807, 0.905, -0.905, -2.49, 1.833, -0.01, -2.931, -3.059, -3.696, -4.33, 1.438, 6.359),
(1044, 1, 4, 3.761, 0.958, -0.807, -2.493, 1.761, 0.065, -3.056, -3.265, -3.863, -4.448, 1.444, 6.33),
(1045, 1, 4, 3.667, 0.915, -0.755, -2.425, 1.69, 0.072, -2.997, -3.288, -3.846, -4.422, 1.497, 6.327),
(1046, 1, 4, 3.637, 0.912, -0.729, -2.408, 1.66, 0.082, -2.961, -3.252, -3.817, -4.395, 1.529, 6.353),
(1047, 1, 4, 3.608, 0.902, -0.709, -2.389, 1.637, 0.088, -2.977, -3.278, -3.81, -4.422, 1.516, 6.343),
(1048, 1, 4, 3.605, 0.974, -0.634, -2.425, 1.598, 0.16, -3.029, -3.327, -3.859, -4.474, 1.464, 6.297),
(1049, 1, 4, 3.618, 1.016, -0.605, -2.451, 1.588, 0.196, -3.026, -3.307, -3.833, -4.471, 1.49, 6.337),
(1050, 1, 4, 3.627, 1.052, -0.578, -2.474, 1.582, 0.229, -3.046, -3.324, -3.817, -4.497, 1.49, 6.35),
(1051, 1, 4, 3.565, 1.056, -0.513, -2.444, 1.516, 0.261, -3.029, -3.31, -3.814, -4.51, 1.497, 6.373),
(1052, 1, 4, 3.592, 1.095, -0.5, -2.477, 1.523, 0.288, -3.059, -3.32, -3.837, -4.533, 1.487, 6.373),
(1053, 1, 4, 3.605, 1.17, -0.438, -2.523, 1.5, 0.356, -3.042, -3.288, -3.804, -4.484, 1.539, 6.431),
(1054, 1, 4, 3.637, 1.144, -0.497, -2.526, 1.546, 0.314, -3.059, -3.301, -3.814, -4.484, 1.536, 6.428),
(1055, 1, 4, 3.605, 1.101, -0.507, -2.487, 1.533, 0.288, -3.078, -3.31, -3.824, -4.474, 1.526, 6.415),
(1056, 1, 4, 3.614, 1.127, -0.49, -2.507, 1.529, 0.31, -3.059, -3.291, -3.81, -4.461, 1.546, 6.441),
(1057, 1, 4, 3.595, 1.137, -0.461, -2.5, 1.507, 0.33, -3.039, -3.278, -3.788, -4.441, 1.559, 6.444),
(1058, 1, 4, 3.66, 1.15, -0.513, -2.539, 1.565, 0.31, -3.062, -3.294, -3.784, -4.431, 1.549, 6.435),
(1059, 1, 4, 3.627, 1.134, -0.497, -2.516, 1.539, 0.31, -3.003, -3.232, -3.709, -4.356, 1.549, 6.431),
(1060, 1, 4, 3.598, 1.124, -0.477, -2.497, 1.516, 0.314, -3.01, -3.235, -3.683, -4.301, 1.546, 6.441),
(1061, 1, 4, 3.712, 1.183, -0.533, -2.582, 1.601, 0.317, -3.003, -3.196, -3.624, -4.216, 1.585, 6.484),
(1062, 1, 4, 3.709, 1.235, -0.477, -2.608, 1.572, 0.369, -3.013, -3.176, -3.578, -4.167, 1.657, 6.572),
(1063, 1, 4, 3.706, 1.212, -0.497, -2.595, 1.578, 0.35, -3.016, -3.144, -3.523, -4.114, 1.657, 6.569),
(1064, 1, 4, 3.739, 1.235, -0.507, -2.621, 1.601, 0.356, -3.029, -3.111, -3.471, -4.062, 1.66, 6.552),
(1065, 1, 4, 3.752, 1.294, -0.461, -2.657, 1.585, 0.408, -3.059, -3.059, -3.399, -3.977, 1.722, 6.598),
(1066, 1, 4, 3.804, 1.343, -0.464, -2.709, 1.611, 0.431, -3.105, -3.029, -3.373, -3.931, 1.683, 6.559),
(1067, 1, 4, 3.83, 1.34, -0.493, -2.719, 1.641, 0.415, -3.114, -2.99, -3.35, -3.876, 1.657, 6.546),
(1068, 1, 4, 3.873, 1.366, -0.51, -2.755, 1.67, 0.418, -3.15, -2.961, -3.337, -3.833, 1.712, 6.605),
(1069, 1, 4, 3.899, 1.369, -0.533, -2.768, 1.693, 0.408, -3.18, -2.964, -3.33, -3.82, 1.719, 6.601),
(1070, 1, 4, 3.83, 1.32, -0.513, -2.709, 1.65, 0.395, -3.186, -2.971, -3.284, -3.83, 1.693, 6.588),
(1071, 1, 4, 3.84, 1.33, -0.513, -2.719, 1.654, 0.399, -3.222, -3.033, -3.333, -3.905, 1.709, 6.644),
(1072, 1, 4, 3.797, 1.232, -0.569, -2.65, 1.66, 0.324, -3.232, -3.111, -3.399, -4, 1.712, 6.657),
(1073, 1, 4, 3.67, 1.144, -0.529, -2.542, 1.578, 0.297, -3.193, -3.144, -3.422, -4.065, 1.709, 6.667),
(1074, 1, 4, 3.709, 1.114, -0.598, -2.546, 1.631, 0.248, -3.176, -3.183, -3.454, -4.134, 1.644, 6.618),
(1075, 1, 4, 3.683, 1.056, -0.631, -2.503, 1.634, 0.203, -3.147, -3.219, -3.569, -4.196, 1.575, 6.552),
(1076, 1, 4, 3.683, 1.042, -0.644, -2.497, 1.641, 0.19, -3.16, -3.245, -3.627, -4.216, 1.562, 6.585),
(1077, 1, 4, 3.608, 1.092, -0.52, -2.484, 1.542, 0.278, -3.16, -3.278, -3.69, -4.258, 1.562, 6.569),
(1078, 1, 4, 3.676, 1.141, -0.539, -2.542, 1.585, 0.291, -3.186, -3.317, -3.742, -4.297, 1.52, 6.52),
(1079, 1, 4, 3.556, 1.131, -0.428, -2.477, 1.471, 0.343, -3.173, -3.343, -3.784, -4.327, 1.49, 6.5),
(1080, 1, 4, 3.592, 1.232, -0.363, -2.546, 1.454, 0.425, -3.131, -3.327, -3.788, -4.327, 1.484, 6.5),
(1081, 1, 4, 3.663, 1.271, -0.395, -2.601, 1.507, 0.428, -3.137, -3.353, -3.81, -4.343, 1.471, 6.5),
(1082, 1, 4, 3.585, 1.252, -0.337, -2.552, 1.438, 0.448, -3.085, -3.34, -3.807, -4.33, 1.493, 6.516),
(1083, 1, 4, 3.601, 1.196, -0.408, -2.533, 1.484, 0.386, -3.092, -3.373, -3.853, -4.379, 1.444, 6.454),
(1084, 1, 4, 3.578, 1.219, -0.363, -2.533, 1.448, 0.418, -3.056, -3.356, -3.863, -4.386, 1.438, 6.438),
(1085, 1, 4, 3.618, 1.222, -0.399, -2.556, 1.487, 0.402, -3.085, -3.366, -3.873, -4.389, 1.5, 6.497),
(1086, 1, 4, 3.546, 1.154, -0.395, -2.484, 1.448, 0.369, -3.075, -3.34, -3.879, -4.402, 1.441, 6.428),
(1087, 1, 4, 3.572, 1.235, -0.34, -2.539, 1.435, 0.438, -3.098, -3.337, -3.905, -4.405, 1.487, 6.48),
(1088, 1, 4, 3.618, 1.232, -0.389, -2.559, 1.48, 0.412, -3.134, -3.343, -3.954, -4.438, 1.484, 6.458),
(1089, 1, 4, 3.608, 1.209, -0.402, -2.542, 1.484, 0.395, -3.16, -3.356, -4.007, -4.484, 1.441, 6.422),
(1090, 1, 4, 3.582, 1.239, -0.346, -2.546, 1.441, 0.438, -3.124, -3.31, -3.993, -4.464, 1.503, 6.467),
(1091, 1, 4, 3.585, 1.248, -0.34, -2.552, 1.441, 0.444, -3.101, -3.301, -3.987, -4.484, 1.507, 6.448),
(1092, 1, 4, 3.624, 1.255, -0.373, -2.575, 1.477, 0.431, -3.092, -3.288, -3.958, -4.52, 1.448, 6.399),
(1093, 1, 4, 3.588, 1.255, -0.337, -2.556, 1.441, 0.451, -3.069, -3.281, -3.915, -4.529, 1.526, 6.471),
(1094, 1, 4, 3.536, 1.225, -0.314, -2.516, 1.402, 0.448, -3.065, -3.281, -3.886, -4.539, 1.575, 6.507),
(1095, 1, 4, 3.565, 1.193, -0.376, -2.513, 1.448, 0.399, -3.046, -3.278, -3.859, -4.533, 1.493, 6.444),
(1096, 1, 4, 3.516, 1.15, -0.369, -2.467, 1.422, 0.382, -3.029, -3.291, -3.843, -4.52, 1.474, 6.402),
(1097, 1, 4, 3.676, 1.258, -0.422, -2.601, 1.526, 0.408, -3.023, -3.261, -3.788, -4.461, 1.542, 6.484),
(1098, 1, 4, 3.592, 1.278, -0.317, -2.569, 1.431, 0.471, -3.01, -3.258, -3.765, -4.418, 1.565, 6.487),
(1099, 1, 4, 3.68, 1.356, -0.327, -2.654, 1.48, 0.507, -3.052, -3.261, -3.771, -4.399, 1.556, 6.493),
(1100, 1, 4, 3.65, 1.281, -0.373, -2.601, 1.49, 0.444, -3.072, -3.261, -3.771, -4.369, 1.588, 6.533),
(1101, 1, 4, 3.663, 1.324, -0.343, -2.627, 1.48, 0.48, -3.131, -3.314, -3.801, -4.369, 1.621, 6.565),
(1102, 1, 4, 3.696, 1.376, -0.324, -2.67, 1.487, 0.516, -3.193, -3.324, -3.797, -4.346, 1.627, 6.608),
(1103, 1, 4, 3.719, 1.363, -0.359, -2.676, 1.516, 0.493, -3.268, -3.359, -3.824, -4.359, 1.575, 6.592),
(1104, 1, 4, 3.748, 1.373, -0.379, -2.696, 1.542, 0.487, -3.278, -3.389, -3.84, -4.382, 1.559, 6.598),
(1105, 1, 4, 3.699, 1.32, -0.382, -2.644, 1.52, 0.461, -3.275, -3.441, -3.889, -4.438, 1.454, 6.507),
(1106, 1, 4, 3.722, 1.369, -0.356, -2.68, 1.516, 0.497, -3.261, -3.425, -3.859, -4.422, 1.448, 6.516),
(1107, 1, 4, 3.614, 1.307, -0.31, -2.595, 1.441, 0.49, -3.193, -3.408, -3.84, -4.408, 1.464, 6.51),
(1108, 1, 4, 3.592, 1.258, -0.337, -2.559, 1.441, 0.451, -3.167, -3.395, -3.824, -4.402, 1.474, 6.503),
(1109, 1, 4, 3.588, 1.147, -0.444, -2.503, 1.493, 0.343, -3.144, -3.379, -3.794, -4.405, 1.431, 6.464),
(1110, 1, 4, 3.559, 0.997, -0.565, -2.412, 1.539, 0.206, -3.092, -3.324, -3.69, -4.373, 1.454, 6.467),
(1111, 1, 4, 3.562, 0.81, -0.755, -2.32, 1.637, 0.02, -3.039, -3.261, -3.634, -4.327, 1.487, 6.48),
(1112, 1, 4, 3.51, 0.686, -0.827, -2.232, 1.647, -0.078, -3, -3.248, -3.67, -4.32, 1.503, 6.484),
(1113, 1, 4, 3.536, 0.634, -0.905, -2.219, 1.699, -0.144, -2.977, -3.235, -3.676, -4.324, 1.49, 6.454),
(1114, 1, 4, 3.572, 0.614, -0.961, -2.229, 1.745, -0.183, -2.944, -3.209, -3.657, -4.327, 1.471, 6.422),
(1115, 1, 4, 3.438, 0.637, -0.804, -2.173, 1.598, -0.092, -2.794, -3.101, -3.608, -4.31, 1.467, 6.369),
(1116, 1, 4, 3.392, 0.654, -0.742, -2.157, 1.546, -0.052, -2.742, -3.056, -3.578, -4.297, 1.428, 6.284),
(1117, 1, 4, 3.513, 0.886, -0.631, -2.333, 1.549, 0.118, -2.758, -2.886, -3.314, -4.01, 1.608, 6.431),
(1118, 1, 4, 4, 1.386, -0.618, -2.827, 1.788, 0.376, -2.993, -2.598, -2.765, -3.346, 2.098, 6.905),
(1119, 1, 4, 4.533, 1.781, -0.755, -3.291, 2.121, 0.507, -3.366, -2.448, -2.379, -2.833, 2.569, 7.408),
(1120, 1, 4, 4.294, 1.824, -0.474, -3.193, 1.863, 0.667, -3.497, -2.833, -2.719, -3.065, 2.565, 7.536),
(1121, 1, 4, 3.843, 1.199, -0.647, -2.657, 1.722, 0.268, -3.19, -3.114, -3.51, -4.003, 1.869, 6.915),
(1122, 1, 4, 3.637, 0.853, -0.788, -2.379, 1.69, 0.023, -2.918, -3.036, -3.725, -4.392, 1.395, 6.425),
(1123, 1, 4, 3.605, 1.023, -0.585, -2.448, 1.572, 0.209, -2.99, -3.261, -3.944, -4.565, 1.34, 6.353),
(1124, 1, 4, 3.546, 1.144, -0.405, -2.48, 1.454, 0.359, -3.114, -3.389, -4.059, -4.624, 1.33, 6.304),
(1125, 1, 4, 3.542, 1.252, -0.294, -2.533, 1.395, 0.471, -3.114, -3.402, -4.059, -4.644, 1.33, 6.288),
(1126, 1, 4, 3.546, 1.366, -0.183, -2.592, 1.343, 0.582, -3.173, -3.471, -4.092, -4.742, 1.284, 6.232),
(1127, 1, 4, 3.536, 1.395, -0.144, -2.601, 1.317, 0.618, -3.216, -3.523, -4.186, -4.81, 1.206, 6.157),
(1128, 1, 4, 3.458, 1.562, 0.101, -2.644, 1.157, 0.824, -3.193, -3.5, -4.203, -4.807, 1.229, 6.176),
(1129, 1, 4, 3.556, 1.699, 0.141, -2.761, 1.186, 0.912, -3.212, -3.52, -4.245, -4.82, 1.206, 6.15),
(1130, 1, 4, 3.536, 1.51, -0.029, -2.657, 1.261, 0.732, -3.167, -3.467, -4.216, -4.732, 1.258, 6.203),
(1131, 1, 4, 3.51, 1.376, -0.137, -2.578, 1.301, 0.611, -3.108, -3.405, -4.065, -4.641, 1.317, 6.258),
(1132, 1, 4, 3.516, 1.248, -0.271, -2.516, 1.373, 0.48, -3.095, -3.389, -3.971, -4.601, 1.32, 6.242),
(1133, 1, 4, 3.52, 1.196, -0.327, -2.493, 1.402, 0.425, -3.095, -3.376, -3.915, -4.569, 1.337, 6.258),
(1134, 1, 4, 3.503, 1.19, -0.317, -2.48, 1.389, 0.428, -3.078, -3.343, -3.856, -4.52, 1.382, 6.288),
(1135, 1, 4, 3.529, 1.193, -0.34, -2.497, 1.412, 0.418, -3.062, -3.314, -3.797, -4.484, 1.431, 6.333),
(1136, 1, 4, 3.539, 1.196, -0.346, -2.503, 1.422, 0.415, -3.092, -3.34, -3.804, -4.507, 1.346, 6.252),
(1137, 1, 4, 3.49, 1.144, -0.35, -2.451, 1.399, 0.389, -3.095, -3.327, -3.778, -4.487, 1.382, 6.288),
(1138, 1, 4, 3.608, 1.239, -0.373, -2.559, 1.467, 0.425, -3.101, -3.314, -3.755, -4.464, 1.451, 6.337),
(1139, 1, 4, 3.578, 1.261, -0.32, -2.556, 1.428, 0.461, -3.088, -3.288, -3.729, -4.438, 1.461, 6.35),
(1140, 1, 4, 3.575, 1.242, -0.337, -2.542, 1.435, 0.444, -3.088, -3.281, -3.742, -4.425, 1.438, 6.314),
(1141, 1, 4, 3.592, 1.252, -0.343, -2.556, 1.444, 0.444, -3.082, -3.239, -3.686, -4.366, 1.454, 6.324),
(1142, 1, 4, 3.637, 1.239, -0.402, -2.572, 1.497, 0.408, -3.114, -3.248, -3.676, -4.353, 1.448, 6.31),
(1143, 1, 4, 3.627, 1.294, -0.337, -2.595, 1.461, 0.471, -3.075, -3.173, -3.582, -4.258, 1.487, 6.359),
(1144, 1, 4, 3.644, 1.235, -0.412, -2.575, 1.507, 0.402, -3.101, -3.154, -3.526, -4.193, 1.526, 6.386),
(1145, 1, 4, 3.69, 1.275, -0.418, -2.618, 1.533, 0.418, -3.114, -3.111, -3.448, -4.111, 1.569, 6.418),
(1146, 1, 4, 3.794, 1.346, -0.451, -2.706, 1.601, 0.438, -3.114, -3.059, -3.373, -4.02, 1.637, 6.477),
(1147, 1, 4, 3.807, 1.297, -0.513, -2.686, 1.637, 0.382, -3.15, -3.049, -3.33, -3.98, 1.627, 6.458),
(1148, 1, 4, 3.745, 1.317, -0.431, -2.667, 1.565, 0.435, -3.16, -3.026, -3.294, -3.935, 1.592, 6.435),
(1149, 1, 4, 3.748, 1.294, -0.458, -2.657, 1.582, 0.408, -3.163, -3.036, -3.301, -3.922, 1.572, 6.438),
(1150, 1, 4, 3.827, 1.386, -0.444, -2.742, 1.614, 0.461, -3.154, -3.069, -3.356, -3.941, 1.618, 6.49),
(1151, 1, 4, 3.765, 1.373, -0.395, -2.703, 1.559, 0.48, -3.154, -3.137, -3.458, -4.046, 1.592, 6.461),
(1152, 1, 4, 3.797, 1.304, -0.497, -2.686, 1.624, 0.395, -3.173, -3.232, -3.595, -4.186, 1.5, 6.415),
(1153, 1, 4, 3.634, 1.242, -0.395, -2.572, 1.493, 0.415, -3.131, -3.268, -3.663, -4.258, 1.539, 6.454),
(1154, 1, 4, 3.608, 1.239, -0.373, -2.559, 1.467, 0.425, -3.101, -3.281, -3.719, -4.297, 1.503, 6.431),
(1155, 1, 4, 3.592, 1.219, -0.376, -2.539, 1.461, 0.412, -3.088, -3.294, -3.768, -4.34, 1.484, 6.422),
(1156, 1, 4, 3.637, 1.199, -0.441, -2.552, 1.516, 0.369, -3.072, -3.301, -3.797, -4.369, 1.444, 6.386),
(1157, 1, 4, 3.627, 1.176, -0.454, -2.536, 1.52, 0.353, -3.075, -3.32, -3.837, -4.395, 1.428, 6.366),
(1158, 1, 4, 3.536, 1.095, -0.444, -2.451, 1.467, 0.317, -3.092, -3.343, -3.873, -4.431, 1.389, 6.333),
(1159, 1, 4, 3.601, 1.209, -0.395, -2.539, 1.477, 0.399, -3.056, -3.297, -3.84, -4.415, 1.402, 6.35),
(1160, 1, 4, 3.542, 1.124, -0.422, -2.467, 1.461, 0.343, -3.069, -3.327, -3.863, -4.458, 1.392, 6.34),
(1161, 1, 4, 3.575, 1.183, -0.395, -2.513, 1.464, 0.386, -3.069, -3.317, -3.859, -4.474, 1.408, 6.34),
(1162, 1, 4, 3.676, 1.176, -0.503, -2.562, 1.569, 0.327, -3.092, -3.337, -3.886, -4.52, 1.343, 6.288),
(1163, 1, 4, 3.578, 1.118, -0.464, -2.484, 1.5, 0.317, -3.056, -3.324, -3.882, -4.513, 1.382, 6.32),
(1164, 1, 4, 3.549, 1.121, -0.431, -2.471, 1.467, 0.337, -3.085, -3.353, -3.915, -4.542, 1.395, 6.32),
(1165, 1, 4, 3.575, 1.186, -0.392, -2.516, 1.461, 0.389, -3.029, -3.294, -3.856, -4.477, 1.454, 6.369),
(1166, 1, 4, 3.634, 1.193, -0.444, -2.549, 1.516, 0.366, -3.049, -3.314, -3.856, -4.474, 1.451, 6.34),
(1167, 1, 4, 3.588, 1.212, -0.379, -2.536, 1.461, 0.408, -3.007, -3.265, -3.814, -4.418, 1.458, 6.363),
(1168, 1, 4, 3.601, 1.118, -0.487, -2.493, 1.523, 0.307, -3.026, -3.288, -3.833, -4.431, 1.415, 6.31),
(1169, 1, 4, 3.598, 1.167, -0.435, -2.516, 1.493, 0.356, -3.02, -3.271, -3.817, -4.399, 1.441, 6.33),
(1170, 1, 4, 3.572, 1.118, -0.458, -2.48, 1.493, 0.32, -3.023, -3.284, -3.82, -4.392, 1.425, 6.32),
(1171, 1, 4, 3.598, 1.206, -0.395, -2.536, 1.474, 0.395, -3.013, -3.284, -3.804, -4.373, 1.458, 6.343),
(1172, 1, 4, 3.595, 1.219, -0.379, -2.542, 1.464, 0.412, -3.036, -3.31, -3.83, -4.399, 1.405, 6.288),
(1173, 1, 4, 3.578, 1.232, -0.35, -2.539, 1.441, 0.431, -3.033, -3.304, -3.827, -4.386, 1.399, 6.275),
(1174, 1, 4, 3.618, 1.304, -0.317, -2.595, 1.444, 0.484, -3.007, -3.281, -3.81, -4.359, 1.461, 6.33),
(1175, 1, 4, 3.572, 1.255, -0.32, -2.549, 1.425, 0.458, -3, -3.288, -3.817, -4.359, 1.451, 6.32),
(1176, 1, 4, 3.631, 1.268, -0.366, -2.585, 1.477, 0.441, -3.029, -3.304, -3.83, -4.373, 1.422, 6.297),
(1177, 1, 4, 3.641, 1.271, -0.373, -2.592, 1.484, 0.441, -3.026, -3.291, -3.81, -4.356, 1.451, 6.317),
(1178, 1, 4, 3.641, 1.333, -0.31, -2.621, 1.454, 0.503, -3.052, -3.304, -3.807, -4.353, 1.49, 6.359),
(1179, 1, 4, 3.644, 1.275, -0.373, -2.595, 1.487, 0.441, -3.033, -3.297, -3.788, -4.35, 1.493, 6.369),
(1180, 1, 4, 3.608, 1.255, -0.356, -2.565, 1.461, 0.441, -3.042, -3.337, -3.794, -4.369, 1.51, 6.376),
(1181, 1, 4, 3.641, 1.31, -0.333, -2.611, 1.464, 0.48, -3.069, -3.34, -3.778, -4.35, 1.539, 6.399),
(1182, 1, 4, 3.712, 1.33, -0.386, -2.657, 1.526, 0.464, -3.144, -3.366, -3.771, -4.359, 1.523, 6.399),
(1183, 1, 4, 3.683, 1.248, -0.438, -2.601, 1.539, 0.395, -3.186, -3.392, -3.81, -4.392, 1.49, 6.376),
(1184, 1, 4, 3.699, 1.209, -0.493, -2.588, 1.575, 0.35, -3.134, -3.382, -3.859, -4.431, 1.451, 6.337),
(1185, 1, 4, 3.742, 1.248, -0.497, -2.631, 1.598, 0.366, -3.092, -3.356, -3.873, -4.438, 1.467, 6.363),
(1186, 1, 4, 3.69, 1.245, -0.448, -2.601, 1.546, 0.389, -3.062, -3.324, -3.873, -4.458, 1.484, 6.373),
(1187, 1, 4, 3.657, 1.235, -0.425, -2.582, 1.52, 0.395, -3.042, -3.317, -3.889, -4.49, 1.461, 6.353),
(1188, 1, 4, 3.539, 1.092, -0.451, -2.451, 1.474, 0.31, -2.993, -3.346, -3.915, -4.533, 1.428, 6.327),
(1189, 1, 4, 3.559, 1.042, -0.52, -2.435, 1.516, 0.252, -2.918, -3.294, -3.886, -4.533, 1.412, 6.304),
(1190, 1, 4, 3.529, 0.974, -0.559, -2.386, 1.523, 0.199, -2.941, -3.275, -3.863, -4.552, 1.428, 6.314),
(1191, 1, 4, 3.441, 0.941, -0.503, -2.327, 1.451, 0.209, -2.918, -3.248, -3.837, -4.546, 1.448, 6.333),
(1192, 1, 4, 3.536, 0.984, -0.556, -2.395, 1.523, 0.206, -2.902, -3.242, -3.791, -4.539, 1.493, 6.366),
(1193, 1, 4, 3.484, 0.879, -0.608, -2.317, 1.523, 0.127, -2.905, -3.258, -3.81, -4.565, 1.477, 6.363),
(1194, 1, 4, 3.444, 0.846, -0.601, -2.281, 1.5, 0.114, -2.863, -3.219, -3.797, -4.595, 1.418, 6.275),
(1195, 1, 4, 3.399, 0.918, -0.484, -2.294, 1.418, 0.209, -2.755, -3.15, -3.729, -4.588, 1.435, 6.248),
(1196, 1, 4, 3.281, 0.853, -0.431, -2.203, 1.333, 0.203, -2.693, -3.036, -3.592, -4.408, 1.52, 6.31),
(1197, 1, 4, 3.775, 1.369, -0.408, -2.706, 1.569, 0.471, -2.82, -2.824, -3.199, -3.866, 1.892, 6.647),
(1198, 1, 4, 4.206, 1.706, -0.503, -3.092, 1.833, 0.595, -3.16, -2.66, -2.797, -3.265, 2.392, 7.196),
(1199, 1, 4, 4.562, 1.752, -0.814, -3.291, 2.167, 0.461, -3.412, -2.631, -2.641, -3.01, 2.536, 7.458),
(1200, 1, 4, 4.039, 1.621, -0.422, -2.964, 1.709, 0.592, -3.32, -3.124, -3.288, -3.69, 2.255, 7.281),
(1201, 1, 4, 3.67, 0.752, -0.922, -2.346, 1.775, -0.095, -2.85, -2.944, -3.556, -4.275, 1.392, 6.399),
(1202, 1, 4, 3.582, 0.866, -0.719, -2.359, 1.627, 0.065, -2.765, -3.036, -3.627, -4.314, 1.382, 6.346),
(1203, 1, 4, 3.523, 0.935, -0.592, -2.363, 1.536, 0.163, -2.925, -3.261, -3.794, -4.418, 1.402, 6.333),
(1204, 1, 4, 3.454, 0.98, -0.477, -2.353, 1.444, 0.242, -2.853, -3.212, -3.742, -4.333, 1.464, 6.343),
(1205, 1, 4, 3.5, 0.99, -0.513, -2.379, 1.484, 0.229, -2.804, -3.154, -3.742, -4.288, 1.493, 6.366),
(1206, 1, 4, 3.405, 0.938, -0.471, -2.307, 1.415, 0.225, -2.794, -3.15, -3.765, -4.297, 1.52, 6.386),
(1207, 1, 4, 3.493, 0.859, -0.637, -2.31, 1.542, 0.101, -2.768, -3.111, -3.667, -4.288, 1.52, 6.379),
(1208, 1, 4, 3.425, 0.719, -0.709, -2.206, 1.546, -0.003, -2.755, -3.065, -3.569, -4.275, 1.536, 6.382),
(1209, 1, 4, 3.418, 0.444, -0.977, -2.065, 1.676, -0.275, -2.693, -2.964, -3.471, -4.163, 1.654, 6.51),
(1210, 1, 4, 3.493, 0.31, -1.186, -2.036, 1.817, -0.448, -2.654, -2.895, -3.418, -4.095, 1.712, 6.559),
(1211, 1, 4, 3.399, 0.212, -1.19, -1.941, 1.771, -0.497, -2.663, -2.908, -3.438, -4.082, 1.686, 6.529),
(1212, 1, 4, 3.428, 0.291, -1.141, -1.993, 1.761, -0.435, -2.667, -2.902, -3.435, -4.059, 1.725, 6.572),
(1213, 1, 4, 3.382, 0.353, -1.033, -2.003, 1.686, -0.35, -2.709, -2.951, -3.464, -4.062, 1.712, 6.539),
(1214, 1, 4, 3.458, 0.51, -0.951, -2.118, 1.683, -0.229, -2.784, -3.003, -3.513, -4.069, 1.657, 6.49),
(1215, 1, 4, 3.474, 0.683, -0.794, -2.212, 1.611, -0.065, -2.84, -3.059, -3.572, -4.075, 1.624, 6.458),
(1216, 1, 4, 3.438, 0.908, -0.533, -2.307, 1.464, 0.18, -2.938, -3.15, -3.644, -4.108, 1.569, 6.402),
(1217, 1, 4, 3.444, 0.931, -0.516, -2.324, 1.458, 0.199, -2.958, -3.141, -3.507, -4.085, 1.592, 6.415),
(1218, 1, 4, 3.48, 1.098, -0.386, -2.425, 1.412, 0.346, -3.007, -3.157, -3.464, -4.114, 1.549, 6.386),
(1219, 1, 4, 3.451, 1.029, -0.425, -2.376, 1.415, 0.294, -2.987, -3.127, -3.48, -4.088, 1.572, 6.402),
(1220, 1, 4, 3.418, 0.974, -0.448, -2.33, 1.412, 0.255, -2.993, -3.121, -3.458, -4.059, 1.595, 6.422),
(1221, 1, 4, 3.412, 1.036, -0.379, -2.359, 1.373, 0.32, -2.977, -3.069, -3.392, -3.984, 1.644, 6.464),
(1222, 1, 4, 3.52, 1.131, -0.392, -2.461, 1.435, 0.359, -3.013, -3.062, -3.376, -3.964, 1.657, 6.48),
(1223, 1, 4, 3.516, 1.209, -0.31, -2.497, 1.392, 0.441, -3.046, -3.056, -3.366, -3.967, 1.634, 6.444),
(1224, 1, 4, 3.562, 1.291, -0.275, -2.562, 1.395, 0.5, -3.065, -3.007, -3.31, -3.918, 1.647, 6.441),
(1225, 1, 4, 3.569, 1.304, -0.268, -2.572, 1.395, 0.51, -3.108, -2.993, -3.281, -3.889, 1.673, 6.461),
(1226, 1, 4, 3.634, 1.379, -0.258, -2.641, 1.425, 0.552, -3.154, -2.984, -3.261, -3.873, 1.69, 6.451),
(1227, 1, 4, 3.533, 1.373, -0.163, -2.588, 1.327, 0.595, -3.15, -2.935, -3.216, -3.84, 1.716, 6.471),
(1228, 1, 4, 3.644, 1.461, -0.186, -2.686, 1.392, 0.627, -3.203, -2.958, -3.245, -3.873, 1.69, 6.448),
(1229, 1, 4, 3.673, 1.451, -0.225, -2.696, 1.428, 0.605, -3.232, -3.007, -3.31, -3.931, 1.673, 6.461),
(1230, 1, 4, 3.621, 1.422, -0.203, -2.657, 1.389, 0.601, -3.203, -3.049, -3.386, -4.007, 1.683, 6.458),
(1231, 1, 4, 3.614, 1.317, -0.301, -2.601, 1.435, 0.5, -3.199, -3.124, -3.52, -4.137, 1.624, 6.428),
(1232, 1, 4, 3.546, 1.252, -0.297, -2.533, 1.399, 0.467, -3.147, -3.15, -3.598, -4.203, 1.637, 6.444),
(1233, 1, 4, 3.52, 1.114, -0.408, -2.451, 1.441, 0.343, -3.147, -3.219, -3.722, -4.317, 1.513, 6.337),
(1234, 1, 4, 3.415, 0.987, -0.431, -2.337, 1.402, 0.268, -3.072, -3.183, -3.725, -4.327, 1.588, 6.418),
(1235, 1, 4, 3.503, 0.984, -0.523, -2.379, 1.49, 0.222, -3.078, -3.209, -3.771, -4.392, 1.595, 6.408),
(1236, 1, 4, 3.405, 0.882, -0.526, -2.278, 1.444, 0.17, -3.033, -3.18, -3.771, -4.438, 1.549, 6.379),
(1237, 1, 4, 3.444, 0.892, -0.556, -2.304, 1.477, 0.16, -3.026, -3.18, -3.781, -4.474, 1.559, 6.382),
(1238, 1, 4, 3.405, 0.912, -0.497, -2.294, 1.428, 0.199, -3.046, -3.219, -3.804, -4.542, 1.503, 6.324),
(1239, 1, 4, 3.438, 0.964, -0.477, -2.337, 1.435, 0.235, -3.049, -3.216, -3.801, -4.575, 1.435, 6.284),
(1240, 1, 4, 3.422, 1.039, -0.386, -2.366, 1.382, 0.317, -3.056, -3.232, -3.807, -4.585, 1.454, 6.32),
(1241, 1, 4, 3.454, 1.141, -0.317, -2.431, 1.363, 0.402, -3.033, -3.216, -3.784, -4.559, 1.565, 6.395),
(1242, 1, 4, 3.464, 1.124, -0.343, -2.428, 1.382, 0.382, -3.039, -3.239, -3.804, -4.562, 1.513, 6.353),
(1243, 1, 4, 3.382, 1.092, -0.294, -2.373, 1.317, 0.389, -3.029, -3.239, -3.794, -4.533, 1.51, 6.353),
(1244, 1, 4, 3.356, 1.023, -0.337, -2.324, 1.324, 0.333, -3.039, -3.258, -3.797, -4.52, 1.454, 6.307),
(1245, 1, 4, 3.392, 1.082, -0.314, -2.373, 1.33, 0.376, -3.042, -3.255, -3.778, -4.487, 1.408, 6.291),
(1246, 1, 4, 3.402, 1.075, -0.33, -2.373, 1.343, 0.363, -3.072, -3.278, -3.788, -4.467, 1.444, 6.314),
(1247, 1, 4, 3.356, 1.163, -0.196, -2.395, 1.255, 0.474, -3.065, -3.265, -3.791, -4.441, 1.516, 6.379),
(1248, 1, 4, 3.379, 1.232, -0.15, -2.441, 1.242, 0.533, -3.088, -3.294, -3.81, -4.458, 1.461, 6.343),
(1249, 1, 4, 3.353, 1.199, -0.157, -2.412, 1.232, 0.513, -3.095, -3.291, -3.797, -4.451, 1.49, 6.373),
(1250, 1, 4, 3.366, 1.193, -0.176, -2.415, 1.248, 0.5, -3.085, -3.268, -3.768, -4.431, 1.529, 6.425),
(1251, 1, 4, 3.359, 1.118, -0.245, -2.373, 1.281, 0.428, -3.069, -3.255, -3.729, -4.428, 1.503, 6.415),
(1252, 1, 4, 3.359, 1.095, -0.268, -2.363, 1.291, 0.405, -3.078, -3.261, -3.709, -4.448, 1.428, 6.363),
(1253, 1, 4, 3.346, 1.029, -0.32, -2.324, 1.31, 0.346, -3.049, -3.225, -3.654, -4.415, 1.451, 6.386),
(1254, 1, 4, 3.327, 0.935, -0.395, -2.265, 1.34, 0.261, -3.016, -3.193, -3.592, -4.363, 1.523, 6.467),
(1255, 1, 4, 3.363, 0.892, -0.474, -2.261, 1.395, 0.199, -2.98, -3.167, -3.5, -4.32, 1.559, 6.507),
(1256, 1, 4, 3.343, 0.791, -0.556, -2.203, 1.428, 0.108, -2.967, -3.167, -3.418, -4.314, 1.569, 6.533),
(1257, 1, 4, 3.389, 0.817, -0.575, -2.239, 1.461, 0.111, -2.958, -3.127, -3.408, -4.284, 1.598, 6.565),
(1258, 1, 4, 3.467, 0.853, -0.618, -2.294, 1.52, 0.108, -3.003, -3.141, -3.451, -4.294, 1.595, 6.578),
(1259, 1, 4, 3.412, 0.908, -0.507, -2.294, 1.438, 0.193, -2.987, -3.092, -3.461, -4.281, 1.614, 6.598),
(1260, 1, 4, 3.454, 0.948, -0.51, -2.337, 1.461, 0.209, -3.059, -3.127, -3.497, -4.314, 1.585, 6.572),
(1261, 1, 4, 3.461, 1, -0.464, -2.366, 1.441, 0.258, -3.085, -3.144, -3.52, -4.317, 1.608, 6.595),
(1262, 1, 4, 3.585, 0.987, -0.601, -2.422, 1.572, 0.183, -3.212, -3.196, -3.572, -4.366, 1.572, 6.552),
(1263, 1, 4, 3.431, 0.993, -0.441, -2.346, 1.415, 0.268, -3.18, -3.137, -3.539, -4.33, 1.647, 6.618),
(1264, 1, 4, 3.523, 0.879, -0.647, -2.337, 1.562, 0.108, -3.19, -3.183, -3.634, -4.425, 1.546, 6.52),
(1265, 1, 4, 3.552, 0.876, -0.68, -2.35, 1.595, 0.088, -3.203, -3.206, -3.686, -4.477, 1.513, 6.477),
(1266, 1, 4, 3.464, 0.938, -0.529, -2.337, 1.474, 0.196, -3.147, -3.167, -3.65, -4.467, 1.526, 6.471),
(1267, 1, 4, 3.438, 0.964, -0.477, -2.337, 1.435, 0.235, -3.141, -3.206, -3.68, -4.51, 1.503, 6.435),
(1268, 1, 4, 3.441, 1.029, -0.415, -2.369, 1.405, 0.297, -3.15, -3.225, -3.706, -4.533, 1.5, 6.425),
(1269, 1, 4, 3.415, 1.029, -0.389, -2.356, 1.379, 0.31, -3.127, -3.219, -3.735, -4.542, 1.451, 6.376),
(1270, 1, 4, 3.399, 1.02, -0.382, -2.343, 1.369, 0.31, -3.147, -3.255, -3.804, -4.578, 1.415, 6.346),
(1271, 1, 4, 3.327, 1.023, -0.307, -2.31, 1.294, 0.35, -3.141, -3.255, -3.824, -4.575, 1.415, 6.343),
(1272, 1, 4, 3.412, 1.033, -0.382, -2.356, 1.376, 0.317, -3.183, -3.304, -3.876, -4.605, 1.373, 6.314),
(1273, 1, 4, 3.301, 1.007, -0.297, -2.288, 1.278, 0.346, -3.114, -3.271, -3.843, -4.559, 1.386, 6.333),
(1274, 1, 4, 3.34, 1.013, -0.33, -2.31, 1.314, 0.333, -3.036, -3.229, -3.827, -4.552, 1.359, 6.301),
(1275, 1, 4, 3.216, 0.99, -0.229, -2.239, 1.199, 0.373, -2.915, -3.193, -3.814, -4.569, 1.301, 6.203),
(1276, 1, 4, 3.258, 1.01, -0.252, -2.268, 1.232, 0.369, -2.833, -3.085, -3.719, -4.471, 1.32, 6.196),
(1277, 1, 4, 3.51, 1.376, -0.137, -2.578, 1.301, 0.611, -2.843, -2.83, -3.346, -4.056, 1.624, 6.458),
(1278, 1, 4, 4.007, 1.752, -0.258, -3.013, 1.611, 0.739, -3.144, -2.592, -2.925, -3.477, 2.072, 6.915),
(1279, 1, 4, 4.582, 1.967, -0.618, -3.408, 2.078, 0.667, -3.438, -2.399, -2.526, -3.078, 2.346, 7.278),
(1280, 1, 4, 4.085, 1.824, -0.265, -3.088, 1.654, 0.771, -3.458, -2.928, -3.029, -3.562, 2.222, 7.232),
(1281, 1, 4, 3.647, 0.971, -0.68, -2.444, 1.641, 0.137, -2.967, -2.938, -3.529, -4.366, 1.467, 6.464),
(1282, 1, 4, 3.516, 0.967, -0.552, -2.376, 1.513, 0.199, -2.85, -3.01, -3.621, -4.513, 1.337, 6.297),
(1283, 1, 4, 3.493, 1.056, -0.441, -2.408, 1.444, 0.297, -3.023, -3.229, -3.797, -4.614, 1.343, 6.284),
(1284, 1, 4, 3.448, 1.105, -0.346, -2.412, 1.376, 0.369, -3.029, -3.258, -3.797, -4.595, 1.363, 6.261),
(1285, 1, 4, 3.435, 1.124, -0.314, -2.415, 1.353, 0.395, -2.987, -3.225, -3.778, -4.552, 1.35, 6.235),
(1286, 1, 4, 3.412, 1.121, -0.294, -2.402, 1.33, 0.405, -3, -3.242, -3.81, -4.565, 1.353, 6.216);

-- --------------------------------------------------------

--
-- Table structure for table `pasien`
--

CREATE TABLE `pasien` (
  `id` int(11) NOT NULL,
  `id_alat` int(11) NOT NULL,
  `NIK` varchar(128) NOT NULL,
  `nama` varchar(128) NOT NULL,
  `alamat` varchar(128) DEFAULT NULL
) ENGINE=InnoDB DEFAULT CHARSET=latin1;

--
-- Dumping data for table `pasien`
--

INSERT INTO `pasien` (`id`, `id_alat`, `NIK`, `nama`, `alamat`) VALUES
(1, 1, '3522150709950005', 'Kusnadi', 'Jl. Keputih Tegal No. 08, Surabaya'),
(3, 1, '3514011603980001', 'Mpu Hambyah', 'Jl. Keputih Gang 1 No. 10, Surabaya'),
(5, 1, '9876543210987654', 'Ahmad Zakiya', 'Jl. Taman Jati Petamburan No.12A Jakarta Pusat');

-- --------------------------------------------------------

--
-- Table structure for table `profile`
--

CREATE TABLE `profile` (
  `id` int(11) NOT NULL,
  `title` varchar(128) NOT NULL,
  `description` text NOT NULL,
  `logo` varchar(128) NOT NULL,
  `location` varchar(128) NOT NULL
) ENGINE=InnoDB DEFAULT CHARSET=latin1;

--
-- Dumping data for table `profile`
--

INSERT INTO `profile` (`id`, `title`, `description`, `logo`, `location`) VALUES
(1, 'ECG Project', 'Ut velit est quam dolor ad a aliquid qui aliquid. Sequi ea ut et est quaerat sequi nihil ut aliquam. Occaecati alias dolorem mollitia ut. Similique ea voluptatem. Esse doloremque accusamus repellendus deleniti vel. Minus et tempore modi architecto.', 'logo.png', 'Pemerintah Kab. Klaten. Kecamatan Juwiring. Jl. Raya Juwiring, Desa Juwiring 57472');

-- --------------------------------------------------------

--
-- Table structure for table `rekaman`
--

CREATE TABLE `rekaman` (
  `id` int(11) NOT NULL,
  `id_pasien` int(11) NOT NULL,
  `tanggal` int(11) NOT NULL,
  `status_check` int(11) DEFAULT NULL,
  `check_at` int(11) DEFAULT NULL,
  `check_by` int(11) DEFAULT NULL
) ENGINE=InnoDB DEFAULT CHARSET=latin1;

--
-- Dumping data for table `rekaman`
--

INSERT INTO `rekaman` (`id`, `id_pasien`, `tanggal`, `status_check`, `check_at`, `check_by`) VALUES
(1, 1, 1632780847, 1, 1632838936, 1),
(4, 1, 1632787823, 0, 1632835742, 1);

-- --------------------------------------------------------

--
-- Table structure for table `rpeak`
--

CREATE TABLE `rpeak` (
  `id` int(11) NOT NULL,
  `annotation` int(11) NOT NULL,
  `ecg` float NOT NULL,
  `id_upload` int(11) NOT NULL
) ENGINE=InnoDB DEFAULT CHARSET=latin1;

--
-- Dumping data for table `rpeak`
--

INSERT INTO `rpeak` (`id`, `annotation`, `ecg`, `id_upload`) VALUES
(1, 20, 3.5, 1),
(2, 50, 4, 1),
(3, 123, 4, 1),
(4, 250, 3, 1),
(5, 351, 4.4, 1),
(6, 531, 4, 1),
(7, 714, 3.7, 1),
(8, 20, 3.5, 2),
(9, 50, 4, 2),
(10, 123, 4, 2),
(11, 250, 3, 2),
(12, 351, 4.4, 2),
(13, 531, 4, 2),
(14, 714, 3.7, 2);

-- --------------------------------------------------------

--
-- Table structure for table `uploaded`
--

CREATE TABLE `uploaded` (
  `id` int(11) NOT NULL,
  `id_pasien` int(11) NOT NULL,
  `id_rekaman` int(11) NOT NULL,
  `keterangan` varchar(128) NOT NULL,
  `id_file` int(11) NOT NULL,
  `created_by` int(11) NOT NULL,
  `created_at` int(11) NOT NULL
) ENGINE=InnoDB DEFAULT CHARSET=latin1;

--
-- Dumping data for table `uploaded`
--

INSERT INTO `uploaded` (`id`, `id_pasien`, `id_rekaman`, `keterangan`, `id_file`, `created_by`, `created_at`) VALUES
(1, 1, 1, 'Test 1', 1, 1, 1632846089),
(2, 1, 4, 'Test Kedua', 1, 1, 1632846104);

-- --------------------------------------------------------

--
-- Table structure for table `user`
--

CREATE TABLE `user` (
  `id` int(11) NOT NULL,
  `name` varchar(128) NOT NULL,
  `email` varchar(128) NOT NULL,
  `image` varchar(128) NOT NULL,
  `password` varchar(256) NOT NULL,
  `role_id` int(11) NOT NULL,
  `is_active` int(1) NOT NULL,
  `date_created` int(11) NOT NULL
) ENGINE=InnoDB DEFAULT CHARSET=utf8mb4;

--
-- Dumping data for table `user`
--

INSERT INTO `user` (`id`, `name`, `email`, `image`, `password`, `role_id`, `is_active`, `date_created`) VALUES
(1, 'Dr. Bean', 'mpuhambyah', 'def.jpg', '$2y$10$k32iOCB6Cb3P8oeqLjSkDuD5iYFapWzVJ5DPUOVCo4sZSVZlqArh.', 1, 1, 1615620941),
(2, 'Alat 1', 'alat1', 'def.jpg', '$2y$10$k32iOCB6Cb3P8oeqLjSkDuD5iYFapWzVJ5DPUOVCo4sZSVZlqArh.', 2, 1, 1615620941);

-- --------------------------------------------------------

--
-- Table structure for table `user_role`
--

CREATE TABLE `user_role` (
  `id` int(11) NOT NULL,
  `name` varchar(128) NOT NULL
) ENGINE=InnoDB DEFAULT CHARSET=latin1;

--
-- Dumping data for table `user_role`
--

INSERT INTO `user_role` (`id`, `name`) VALUES
(1, 'Dokter'),
(2, 'Pasien');

--
-- Indexes for dumped tables
--

--
-- Indexes for table `activities`
--
ALTER TABLE `activities`
  ADD PRIMARY KEY (`id`),
  ADD KEY `id_user` (`id_user`);

--
-- Indexes for table `activities_list`
--
ALTER TABLE `activities_list`
  ADD PRIMARY KEY (`id`);

--
-- Indexes for table `alat`
--
ALTER TABLE `alat`
  ADD PRIMARY KEY (`id`),
  ADD KEY `id_user` (`id_user`);

--
-- Indexes for table `ecg`
--
ALTER TABLE `ecg`
  ADD PRIMARY KEY (`id`),
  ADD KEY `id_pasien` (`id_pasien`),
  ADD KEY `id_rekaman` (`id_rekaman`);

--
-- Indexes for table `pasien`
--
ALTER TABLE `pasien`
  ADD PRIMARY KEY (`id`),
  ADD KEY `id_alat` (`id_alat`);

--
-- Indexes for table `profile`
--
ALTER TABLE `profile`
  ADD PRIMARY KEY (`id`);

--
-- Indexes for table `rekaman`
--
ALTER TABLE `rekaman`
  ADD PRIMARY KEY (`id`),
  ADD KEY `id_pasien` (`id_pasien`);

--
-- Indexes for table `rpeak`
--
ALTER TABLE `rpeak`
  ADD PRIMARY KEY (`id`);

--
-- Indexes for table `uploaded`
--
ALTER TABLE `uploaded`
  ADD PRIMARY KEY (`id`);

--
-- Indexes for table `user`
--
ALTER TABLE `user`
  ADD PRIMARY KEY (`id`),
  ADD KEY `role_id` (`role_id`);

--
-- Indexes for table `user_role`
--
ALTER TABLE `user_role`
  ADD PRIMARY KEY (`id`);

--
-- AUTO_INCREMENT for dumped tables
--

--
-- AUTO_INCREMENT for table `activities`
--
ALTER TABLE `activities`
  MODIFY `id` int(11) NOT NULL AUTO_INCREMENT, AUTO_INCREMENT=15;

--
-- AUTO_INCREMENT for table `activities_list`
--
ALTER TABLE `activities_list`
  MODIFY `id` int(11) NOT NULL AUTO_INCREMENT, AUTO_INCREMENT=6;

--
-- AUTO_INCREMENT for table `alat`
--
ALTER TABLE `alat`
  MODIFY `id` int(11) NOT NULL AUTO_INCREMENT, AUTO_INCREMENT=2;

--
-- AUTO_INCREMENT for table `ecg`
--
ALTER TABLE `ecg`
  MODIFY `id` int(11) NOT NULL AUTO_INCREMENT, AUTO_INCREMENT=1287;

--
-- AUTO_INCREMENT for table `pasien`
--
ALTER TABLE `pasien`
  MODIFY `id` int(11) NOT NULL AUTO_INCREMENT, AUTO_INCREMENT=8;

--
-- AUTO_INCREMENT for table `profile`
--
ALTER TABLE `profile`
  MODIFY `id` int(11) NOT NULL AUTO_INCREMENT, AUTO_INCREMENT=2;

--
-- AUTO_INCREMENT for table `rekaman`
--
ALTER TABLE `rekaman`
  MODIFY `id` int(11) NOT NULL AUTO_INCREMENT, AUTO_INCREMENT=7;

--
-- AUTO_INCREMENT for table `rpeak`
--
ALTER TABLE `rpeak`
  MODIFY `id` int(11) NOT NULL AUTO_INCREMENT, AUTO_INCREMENT=15;

--
-- AUTO_INCREMENT for table `uploaded`
--
ALTER TABLE `uploaded`
  MODIFY `id` int(11) NOT NULL AUTO_INCREMENT, AUTO_INCREMENT=3;

--
-- AUTO_INCREMENT for table `user`
--
ALTER TABLE `user`
  MODIFY `id` int(11) NOT NULL AUTO_INCREMENT, AUTO_INCREMENT=3;

--
-- AUTO_INCREMENT for table `user_role`
--
ALTER TABLE `user_role`
  MODIFY `id` int(11) NOT NULL AUTO_INCREMENT, AUTO_INCREMENT=3;

--
-- Constraints for dumped tables
--

--
-- Constraints for table `activities`
--
ALTER TABLE `activities`
  ADD CONSTRAINT `activities_ibfk_1` FOREIGN KEY (`id_user`) REFERENCES `user` (`id`) ON DELETE CASCADE ON UPDATE CASCADE;

--
-- Constraints for table `alat`
--
ALTER TABLE `alat`
  ADD CONSTRAINT `alat_ibfk_1` FOREIGN KEY (`id_user`) REFERENCES `user` (`id`) ON DELETE CASCADE ON UPDATE CASCADE;

--
-- Constraints for table `ecg`
--
ALTER TABLE `ecg`
  ADD CONSTRAINT `ecg_ibfk_1` FOREIGN KEY (`id_pasien`) REFERENCES `pasien` (`id`) ON DELETE CASCADE ON UPDATE CASCADE,
  ADD CONSTRAINT `ecg_ibfk_2` FOREIGN KEY (`id_rekaman`) REFERENCES `rekaman` (`id`) ON DELETE CASCADE ON UPDATE CASCADE;

--
-- Constraints for table `pasien`
--
ALTER TABLE `pasien`
  ADD CONSTRAINT `pasien_ibfk_1` FOREIGN KEY (`id_alat`) REFERENCES `alat` (`id`) ON DELETE CASCADE ON UPDATE CASCADE;

--
-- Constraints for table `rekaman`
--
ALTER TABLE `rekaman`
  ADD CONSTRAINT `rekaman_ibfk_1` FOREIGN KEY (`id_pasien`) REFERENCES `pasien` (`id`) ON DELETE CASCADE ON UPDATE CASCADE;

--
-- Constraints for table `user`
--
ALTER TABLE `user`
  ADD CONSTRAINT `user_ibfk_1` FOREIGN KEY (`role_id`) REFERENCES `user_role` (`id`) ON DELETE CASCADE ON UPDATE CASCADE;
COMMIT;

/*!40101 SET CHARACTER_SET_CLIENT=@OLD_CHARACTER_SET_CLIENT */;
/*!40101 SET CHARACTER_SET_RESULTS=@OLD_CHARACTER_SET_RESULTS */;
/*!40101 SET COLLATION_CONNECTION=@OLD_COLLATION_CONNECTION */;
