avf;avl;avr;i;ii;iii;v1;v2;v3;v4;v5;v6
3.683;1.127;-0.559;-2.539;1.598;0.275;-3.15;-3.337;-3.706;-4.422;1.49;6.343
3.739;1.186;-0.556;-2.598;1.624;0.307;-3.16;-3.343;-3.755;-4.428;1.493;6.366
3.765;1.242;-0.526;-2.637;1.624;0.35;-3.199;-3.386;-3.859;-4.477;1.474;6.346
3.752;1.327;-0.428;-2.673;1.569;0.441;-3.206;-3.392;-3.941;-4.493;1.487;6.359
3.729;1.412;-0.32;-2.706;1.503;0.536;-3.219;-3.399;-4.069;-4.51;1.461;6.356
3.784;1.624;-0.163;-2.84;1.451;0.722;-3.307;-3.454;-4.141;-4.565;1.399;6.284
3.791;1.807;0.013;-2.935;1.366;0.902;-3.402;-3.503;-4.154;-4.601;1.389;6.261
3.807;1.768;-0.042;-2.922;1.402;0.853;-3.418;-3.461;-4.046;-4.546;1.435;6.307
3.941;1.739;-0.206;-2.974;1.552;0.758;-3.402;-3.35;-3.892;-4.415;1.51;6.359
3.964;1.634;-0.333;-2.935;1.627;0.641;-3.373;-3.222;-3.693;-4.265;1.627;6.444
3.938;1.542;-0.399;-2.876;1.647;0.562;-3.33;-3.095;-3.52;-4.131;1.667;6.471
4;1.536;-0.467;-2.902;1.712;0.526;-3.32;-3.049;-3.451;-4.095;1.686;6.474
3.899;1.35;-0.552;-2.758;1.703;0.389;-3.245;-2.984;-3.356;-4.029;1.788;6.549
3.882;1.176;-0.709;-2.663;1.775;0.225;-3.186;-2.961;-3.304;-3.987;1.824;6.572
3.866;1.036;-0.833;-2.585;1.827;0.092;-3.134;-2.951;-3.281;-3.961;1.837;6.588
3.791;0.948;-0.846;-2.503;1.797;0.042;-3.065;-2.944;-3.265;-3.977;1.856;6.608
3.84;0.879;-0.964;-2.493;1.879;-0.052;-3.059;-2.987;-3.314;-4.016;1.827;6.585
3.752;0.761;-0.993;-2.392;1.85;-0.124;-3.016;-3.003;-3.337;-4.056;1.84;6.618
3.739;0.67;-1.072;-2.34;1.882;-0.209;-2.961;-3;-3.359;-4.062;1.807;6.582
3.69;0.556;-1.137;-2.258;1.892;-0.301;-2.948;-3.033;-3.402;-4.056;1.771;6.578
3.696;0.559;-1.141;-2.261;1.895;-0.301;-2.935;-3.042;-3.415;-4.049;1.771;6.595
3.68;0.647;-1.036;-2.297;1.837;-0.203;-2.987;-3.111;-3.484;-4.108;1.693;6.533
3.67;0.84;-0.833;-2.389;1.729;-0.007;-3.039;-3.18;-3.556;-4.167;1.601;6.454
3.657;0.987;-0.673;-2.458;1.644;0.147;-3.059;-3.216;-3.588;-4.186;1.585;6.444
3.644;1;-0.647;-2.458;1.624;0.167;-3.098;-3.278;-3.65;-4.232;1.542;6.405
3.68;1.046;-0.637;-2.497;1.637;0.196;-3.137;-3.346;-3.716;-4.288;1.474;6.346
3.644;1.075;-0.572;-2.493;1.585;0.242;-3.111;-3.33;-3.722;-4.284;1.48;6.353
3.614;1.062;-0.556;-2.474;1.562;0.245;-3.108;-3.327;-3.732;-4.284;1.542;6.405
3.644;1.069;-0.578;-2.49;1.588;0.235;-3.085;-3.304;-3.735;-4.294;1.503;6.379
3.614;1.069;-0.549;-2.477;1.559;0.252;-3.078;-3.301;-3.755;-4.317;1.493;6.369
3.598;1.088;-0.513;-2.477;1.533;0.278;-3.082;-3.294;-3.765;-4.343;1.533;6.376
3.644;1.118;-0.529;-2.516;1.565;0.284;-3.082;-3.275;-3.765;-4.366;1.546;6.366
3.627;1.095;-0.536;-2.497;1.559;0.271;-3.065;-3.268;-3.768;-4.379;1.546;6.356
3.644;1.144;-0.503;-2.529;1.552;0.31;-3.069;-3.268;-3.775;-4.395;1.526;6.324
3.614;1.121;-0.497;-2.503;1.533;0.304;-3.059;-3.261;-3.768;-4.405;1.497;6.288
3.634;1.137;-0.5;-2.52;1.546;0.31;-3.056;-3.258;-3.758;-4.405;1.5;6.294
3.712;1.059;-0.657;-2.52;1.663;0.193;-3.088;-3.284;-3.794;-4.464;1.441;6.294
3.663;1.013;-0.654;-2.474;1.637;0.17;-2.971;-3.176;-3.722;-4.425;1.435;6.307
3.817;0.922;-0.899;-2.503;1.837;0.003;-2.899;-2.967;-3.562;-4.32;1.441;6.333
4.072;1.484;-0.592;-2.912;1.81;0.438;-3.278;-3.065;-3.261;-3.775;2.046;6.931
4.503;1.846;-0.66;-3.31;2.059;0.585;-3.539;-2.572;-2.386;-2.837;2.536;7.34
4.559;1.873;-0.69;-3.35;2.101;0.585;-3.35;-2.34;-2.31;-2.843;2.48;7.17
3.961;1.539;-0.425;-2.886;1.67;0.549;-3.01;-2.624;-2.863;-3.49;2.013;6.676
3.601;1.134;-0.471;-2.503;1.513;0.324;-2.866;-2.967;-3.49;-4.203;1.523;6.239
3.408;1.046;-0.366;-2.363;1.366;0.33;-2.843;-3.092;-3.712;-4.422;1.467;6.196
3.497;1.007;-0.493;-2.386;1.474;0.248;-2.98;-3.183;-3.824;-4.493;1.444;6.222
3.569;1.052;-0.52;-2.444;1.523;0.258;-3.075;-3.242;-3.859;-4.48;1.5;6.317
3.667;1.092;-0.578;-2.513;1.601;0.248;-3.137;-3.288;-3.886;-4.474;1.5;6.327
3.611;1.065;-0.549;-2.474;1.559;0.248;-3.118;-3.271;-3.863;-4.408;1.49;6.314
3.627;1.056;-0.575;-2.477;1.578;0.232;-3.154;-3.324;-3.895;-4.425;1.425;6.268
3.572;1.078;-0.497;-2.461;1.513;0.281;-3.101;-3.284;-3.846;-4.392;1.5;6.32
3.683;1.137;-0.549;-2.546;1.595;0.284;-3.141;-3.307;-3.843;-4.389;1.52;6.346
3.595;1.16;-0.438;-2.513;1.493;0.353;-3.157;-3.31;-3.827;-4.356;1.516;6.379
3.745;1.173;-0.575;-2.595;1.637;0.291;-3.18;-3.317;-3.824;-4.359;1.51;6.34
3.752;1.193;-0.562;-2.608;1.634;0.307;-3.212;-3.314;-3.804;-4.333;1.533;6.399
3.752;1.225;-0.529;-2.624;1.618;0.34;-3.235;-3.33;-3.82;-4.337;1.546;6.392
3.775;1.281;-0.497;-2.663;1.614;0.382;-3.288;-3.337;-3.81;-4.314;1.556;6.405
3.788;1.366;-0.425;-2.712;1.585;0.461;-3.307;-3.32;-3.784;-4.284;1.565;6.402
3.752;1.356;-0.399;-2.69;1.552;0.471;-3.304;-3.359;-3.82;-4.337;1.516;6.346
3.667;1.333;-0.337;-2.634;1.48;0.49;-3.235;-3.34;-3.794;-4.327;1.526;6.346
3.686;1.235;-0.454;-2.595;1.549;0.382;-3.163;-3.291;-3.755;-4.304;1.52;6.343
3.67;1.17;-0.503;-2.556;1.565;0.324;-3.124;-3.252;-3.716;-4.275;1.549;6.369
3.614;1.052;-0.565;-2.467;1.569;0.235;-3.092;-3.239;-3.69;-4.252;1.569;6.379
3.644;0.974;-0.673;-2.444;1.637;0.141;-3.052;-3.212;-3.66;-4.235;1.562;6.369
3.598;0.935;-0.667;-2.402;1.611;0.124;-3.049;-3.225;-3.673;-4.265;1.542;6.35
3.644;0.938;-0.709;-2.425;1.654;0.105;-3.049;-3.229;-3.676;-4.275;1.536;6.333
3.667;0.967;-0.703;-2.451;1.663;0.124;-3.039;-3.225;-3.68;-4.281;1.513;6.304
3.634;1.003;-0.634;-2.454;1.611;0.176;-3.029;-3.235;-3.683;-4.291;1.52;6.314
3.608;0.997;-0.614;-2.438;1.588;0.183;-3.046;-3.248;-3.693;-4.304;1.51;6.307
3.621;1.02;-0.605;-2.454;1.592;0.199;-3.059;-3.271;-3.729;-4.32;1.5;6.291
3.65;1.042;-0.611;-2.48;1.608;0.206;-3.046;-3.258;-3.748;-4.301;1.503;6.301
3.631;1.033;-0.601;-2.467;1.595;0.206;-3.036;-3.265;-3.748;-4.32;1.493;6.304
3.605;0.974;-0.634;-2.425;1.598;0.16;-3.023;-3.275;-3.732;-4.35;1.477;6.281
3.641;1.003;-0.641;-2.458;1.618;0.173;-3.01;-3.275;-3.719;-4.356;1.5;6.314
3.673;1.016;-0.66;-2.48;1.644;0.17;-3;-3.271;-3.729;-4.376;1.487;6.307
3.647;0.99;-0.66;-2.454;1.631;0.157;-2.99;-3.278;-3.735;-4.399;1.497;6.317
3.654;1.007;-0.65;-2.464;1.631;0.17;-2.974;-3.271;-3.739;-4.415;1.493;6.32
3.693;0.987;-0.709;-2.474;1.68;0.131;-2.974;-3.271;-3.758;-4.431;1.49;6.297
3.676;1.007;-0.673;-2.477;1.654;0.157;-2.987;-3.275;-3.781;-4.441;1.52;6.327
3.676;0.958;-0.722;-2.451;1.676;0.108;-3.003;-3.281;-3.804;-4.477;1.507;6.33
3.663;0.958;-0.709;-2.444;1.663;0.114;-3.029;-3.304;-3.846;-4.52;1.493;6.317
3.588;0.941;-0.65;-2.399;1.598;0.137;-3.029;-3.304;-3.859;-4.533;1.516;6.343
3.657;1.01;-0.65;-2.467;1.631;0.17;-3.039;-3.307;-3.873;-4.536;1.533;6.366
3.657;1.065;-0.595;-2.497;1.605;0.225;-3.062;-3.33;-3.905;-4.546;1.516;6.359
3.716;1.105;-0.614;-2.546;1.644;0.235;-3.065;-3.317;-3.879;-4.526;1.513;6.366
3.657;1.111;-0.549;-2.52;1.582;0.271;-3.075;-3.307;-3.853;-4.487;1.533;6.382
3.739;1.203;-0.539;-2.605;1.618;0.324;-3.078;-3.265;-3.794;-4.428;1.569;6.412
3.748;1.225;-0.526;-2.621;1.614;0.34;-3.072;-3.209;-3.709;-4.34;1.605;6.435
3.827;1.154;-0.676;-2.624;1.729;0.229;-3.033;-3.111;-3.582;-4.186;1.667;6.477
3.833;1.078;-0.758;-2.592;1.775;0.15;-2.993;-3.029;-3.454;-4.046;1.706;6.51
3.908;1.108;-0.804;-2.644;1.833;0.144;-2.967;-2.958;-3.353;-3.941;1.716;6.477
3.984;1.121;-0.866;-2.686;1.902;0.118;-2.958;-2.931;-3.317;-3.876;1.732;6.474
3.993;1.147;-0.85;-2.706;1.899;0.141;-2.928;-2.922;-3.304;-3.843;1.732;6.464
3.876;1.098;-0.781;-2.621;1.807;0.15;-2.922;-2.954;-3.343;-3.873;1.709;6.425
3.856;1.098;-0.761;-2.611;1.788;0.16;-2.941;-3.01;-3.412;-3.941;1.68;6.389
3.873;1.144;-0.732;-2.644;1.781;0.196;-2.928;-3.042;-3.474;-3.99;1.65;6.382
3.778;1.124;-0.657;-2.585;1.696;0.225;-2.951;-3.108;-3.582;-4.078;1.601;6.35
3.778;1.147;-0.634;-2.598;1.683;0.248;-2.958;-3.147;-3.657;-4.137;1.595;6.343
3.755;1.15;-0.608;-2.588;1.66;0.261;-2.967;-3.173;-3.693;-4.173;1.578;6.353
3.706;1.141;-0.569;-2.559;1.614;0.278;-2.977;-3.209;-3.732;-4.219;1.536;6.32
3.712;1.144;-0.572;-2.562;1.621;0.278;-3.007;-3.245;-3.758;-4.258;1.526;6.317
3.68;1.17;-0.513;-2.559;1.575;0.32;-3.023;-3.271;-3.781;-4.291;1.523;6.317
3.683;1.147;-0.539;-2.549;1.588;0.294;-3.013;-3.268;-3.791;-4.301;1.516;6.304
3.654;1.127;-0.529;-2.526;1.569;0.291;-3.02;-3.288;-3.814;-4.327;1.49;6.281
3.716;1.196;-0.523;-2.592;1.598;0.327;-3.029;-3.284;-3.807;-4.327;1.448;6.258
3.673;1.163;-0.513;-2.552;1.572;0.317;-3.036;-3.301;-3.817;-4.343;1.435;6.252
3.654;1.131;-0.526;-2.526;1.569;0.294;-3.026;-3.288;-3.801;-4.327;1.451;6.258
3.676;1.15;-0.529;-2.549;1.582;0.301;-3.049;-3.304;-3.817;-4.33;1.477;6.304
3.641;1.095;-0.549;-2.503;1.572;0.265;-3.056;-3.31;-3.824;-4.333;1.451;6.278
3.624;1.141;-0.487;-2.516;1.533;0.317;-3.059;-3.307;-3.84;-4.34;1.464;6.297
3.614;1.095;-0.523;-2.49;1.546;0.278;-3.069;-3.327;-3.869;-4.359;1.454;6.288
3.614;1.088;-0.529;-2.487;1.549;0.271;-3.065;-3.31;-3.866;-4.359;1.438;6.281
3.654;1.154;-0.503;-2.539;1.556;0.317;-3.078;-3.31;-3.859;-4.366;1.451;6.281
3.621;1.069;-0.556;-2.48;1.565;0.248;-3.108;-3.317;-3.886;-4.399;1.428;6.278
3.663;1.111;-0.556;-2.523;1.588;0.268;-3.111;-3.307;-3.892;-4.402;1.454;6.31
3.706;1.144;-0.565;-2.559;1.614;0.281;-3.105;-3.261;-3.873;-4.373;1.513;6.389
3.654;1.003;-0.654;-2.464;1.631;0.167;-3.15;-3.284;-3.925;-4.405;1.428;6.346
3.703;0.922;-0.784;-2.448;1.722;0.059;-3.098;-3.222;-3.941;-4.428;1.369;6.297
3.83;0.817;-1.016;-2.458;1.902;-0.108;-3.036;-2.987;-3.765;-4.301;1.356;6.304
4.056;1.314;-0.745;-2.82;1.879;0.278;-3.373;-3.114;-3.575;-3.928;1.843;6.81
4.542;1.915;-0.631;-3.363;2.065;0.634;-3.66;-2.801;-2.797;-3.033;2.428;7.327
4.676;1.902;-0.778;-3.425;2.206;0.556;-3.51;-2.507;-2.592;-2.895;2.441;7.206
4.092;1.552;-0.542;-2.958;1.794;0.497;-3.167;-2.716;-3.026;-3.448;1.98;6.676
3.67;1.196;-0.477;-2.569;1.552;0.35;-2.948;-3;-3.559;-4.108;1.503;6.219
3.507;1.098;-0.412;-2.438;1.438;0.333;-2.935;-3.18;-3.824;-4.408;1.33;6.082
3.438;0.984;-0.458;-2.346;1.425;0.255;-3.026;-3.268;-3.899;-4.49;1.327;6.105
3.637;1.059;-0.582;-2.484;1.588;0.229;-3.163;-3.363;-3.879;-4.497;1.405;6.183
3.598;1.092;-0.51;-2.48;1.533;0.281;-3.16;-3.337;-3.791;-4.471;1.438;6.212
3.637;1.046;-0.595;-2.477;1.595;0.216;-3.193;-3.359;-3.824;-4.51;1.346;6.15
3.614;1.095;-0.523;-2.49;1.546;0.278;-3.176;-3.35;-3.804;-4.507;1.392;6.176
3.618;1.108;-0.513;-2.497;1.542;0.288;-3.167;-3.35;-3.869;-4.523;1.405;6.186
3.732;1.15;-0.585;-2.575;1.637;0.275;-3.232;-3.392;-3.974;-4.539;1.392;6.18
3.699;1.235;-0.467;-2.601;1.562;0.376;-3.229;-3.369;-3.935;-4.477;1.471;6.261
3.712;1.258;-0.458;-2.621;1.562;0.392;-3.281;-3.382;-3.931;-4.493;1.451;6.268
3.748;1.229;-0.523;-2.624;1.614;0.343;-3.389;-3.438;-3.944;-4.549;1.461;6.271
3.775;1.261;-0.516;-2.654;1.624;0.363;-3.382;-3.422;-3.902;-4.529;1.497;6.304
3.732;1.337;-0.399;-2.67;1.542;0.461;-3.395;-3.395;-3.817;-4.454;1.588;6.366
3.856;1.415;-0.444;-2.771;1.627;0.477;-3.467;-3.422;-3.81;-4.454;1.542;6.337
3.784;1.526;-0.261;-2.791;1.5;0.624;-3.428;-3.444;-3.846;-4.523;1.395;6.212
3.735;1.663;-0.075;-2.833;1.382;0.784;-3.402;-3.471;-3.882;-4.559;1.431;6.229
3.703;1.601;-0.105;-2.788;1.382;0.739;-3.353;-3.441;-3.869;-4.542;1.408;6.242
3.716;1.467;-0.252;-2.725;1.461;0.598;-3.34;-3.431;-3.918;-4.536;1.366;6.209
3.696;1.392;-0.307;-2.68;1.48;0.533;-3.301;-3.408;-3.984;-4.536;1.399;6.248
3.627;1.346;-0.284;-2.621;1.435;0.523;-3.275;-3.405;-4.124;-4.562;1.458;6.324
3.67;1.275;-0.399;-2.608;1.513;0.428;-3.288;-3.422;-4.131;-4.601;1.444;6.324
3.65;1.225;-0.428;-2.572;1.516;0.389;-3.281;-3.399;-4.059;-4.654;1.422;6.314
3.67;1.304;-0.369;-2.621;1.497;0.458;-3.278;-3.386;-4.059;-4.69;1.474;6.369
3.683;1.33;-0.356;-2.641;1.497;0.477;-3.304;-3.402;-4.092;-4.735;1.431;6.33
3.693;1.304;-0.392;-2.634;1.52;0.448;-3.359;-3.454;-4.098;-4.771;1.412;6.314
3.654;1.225;-0.431;-2.575;1.52;0.389;-3.343;-3.428;-4.033;-4.729;1.435;6.34
3.644;1.147;-0.5;-2.529;1.549;0.314;-3.317;-3.395;-3.912;-4.631;1.484;6.373
3.673;1.039;-0.637;-2.49;1.634;0.193;-3.275;-3.333;-3.807;-4.539;1.542;6.422
3.637;0.935;-0.706;-2.422;1.65;0.105;-3.216;-3.275;-3.817;-4.48;1.605;6.471
3.673;0.83;-0.846;-2.386;1.739;-0.016;-3.19;-3.235;-3.69;-4.422;1.637;6.507
3.631;0.739;-0.895;-2.32;1.742;-0.088;-3.163;-3.219;-3.68;-4.379;1.68;6.549
3.608;0.601;-1.01;-2.239;1.788;-0.212;-3.118;-3.193;-3.647;-4.33;1.647;6.529
3.667;0.52;-1.15;-2.229;1.886;-0.324;-3.095;-3.176;-3.608;-4.268;1.65;6.526
3.624;0.402;-1.225;-2.147;1.902;-0.422;-3.033;-3.137;-3.565;-4.199;1.716;6.588
3.621;0.196;-1.428;-2.042;2.003;-0.624;-2.971;-3.065;-3.484;-4.127;1.771;6.654
3.716;0.065;-1.654;-2.026;2.163;-0.804;-2.944;-3.039;-3.428;-4.088;1.794;6.68
3.676;0.062;-1.618;-2.003;2.124;-0.788;-2.899;-3;-3.346;-4.036;1.843;6.729
3.618;0.317;-1.304;-2.101;1.938;-0.503;-2.993;-3.101;-3.412;-4.111;1.735;6.618
3.729;0.788;-0.944;-2.392;1.814;-0.088;-3.154;-3.261;-3.569;-4.222;1.608;6.49
3.627;0.902;-0.729;-2.399;1.657;0.078;-3.209;-3.343;-3.647;-4.271;1.542;6.422
3.706;1.046;-0.663;-2.51;1.663;0.183;-3.271;-3.392;-3.696;-4.301;1.526;6.402
3.621;1.085;-0.539;-2.487;1.559;0.265;-3.278;-3.382;-3.732;-4.304;1.565;6.431
3.663;1.147;-0.52;-2.539;1.569;0.304;-3.275;-3.327;-3.716;-4.288;1.608;6.454
3.758;1.229;-0.533;-2.627;1.624;0.34;-3.346;-3.33;-3.742;-4.317;1.559;6.399
3.755;1.242;-0.516;-2.634;1.614;0.353;-3.346;-3.245;-3.657;-4.261;1.624;6.425
3.794;1.34;-0.458;-2.703;1.605;0.431;-3.363;-3.173;-3.546;-4.173;1.725;6.5
3.859;1.395;-0.467;-2.761;1.641;0.454;-3.373;-3.078;-3.418;-4.062;1.761;6.513
3.85;1.386;-0.467;-2.752;1.637;0.451;-3.356;-3.02;-3.333;-4;1.758;6.49
3.824;1.402;-0.425;-2.748;1.601;0.48;-3.337;-2.977;-3.268;-3.958;1.791;6.503
3.817;1.389;-0.431;-2.739;1.601;0.471;-3.31;-2.971;-3.261;-3.971;1.781;6.497
3.827;1.405;-0.425;-2.752;1.605;0.48;-3.291;-2.997;-3.288;-4;1.784;6.484
3.745;1.363;-0.386;-2.69;1.542;0.48;-3.245;-3.01;-3.317;-4.023;1.807;6.526
3.748;1.346;-0.405;-2.683;1.556;0.461;-3.235;-3.069;-3.386;-4.092;1.745;6.487
3.761;1.235;-0.529;-2.634;1.624;0.343;-3.235;-3.137;-3.48;-4.183;1.729;6.474
3.663;1.261;-0.405;-2.598;1.513;0.418;-3.225;-3.16;-3.523;-4.212;1.725;6.49
3.667;1.235;-0.435;-2.585;1.529;0.392;-3.222;-3.186;-3.585;-4.278;1.663;6.438
3.601;1.209;-0.395;-2.539;1.477;0.399;-3.222;-3.222;-3.647;-4.324;1.69;6.451
3.663;1.16;-0.507;-2.546;1.562;0.317;-3.261;-3.278;-3.722;-4.382;1.703;6.474
3.601;1.131;-0.474;-2.5;1.516;0.32;-3.248;-3.284;-3.752;-4.382;1.637;6.435
3.575;1.131;-0.448;-2.487;1.49;0.333;-3.248;-3.307;-3.784;-4.386;1.565;6.382
3.647;1.144;-0.507;-2.529;1.556;0.31;-3.261;-3.346;-3.827;-4.408;1.497;6.32
3.627;1.157;-0.474;-2.526;1.529;0.333;-3.242;-3.376;-3.853;-4.405;1.536;6.359
3.654;1.17;-0.487;-2.546;1.549;0.333;-3.216;-3.386;-3.846;-4.386;1.546;6.373
3.51;1.101;-0.412;-2.441;1.438;0.337;-3.18;-3.369;-3.83;-4.373;1.549;6.373
3.575;1.078;-0.5;-2.461;1.516;0.281;-3.167;-3.379;-3.814;-4.373;1.565;6.395
3.575;1.069;-0.51;-2.458;1.52;0.271;-3.167;-3.386;-3.82;-4.386;1.562;6.402
3.565;1.065;-0.503;-2.451;1.513;0.271;-3.19;-3.395;-3.837;-4.399;1.523;6.382
3.565;1.059;-0.51;-2.448;1.516;0.265;-3.183;-3.363;-3.827;-4.389;1.513;6.35
3.552;1.101;-0.454;-2.461;1.48;0.314;-3.203;-3.369;-3.824;-4.395;1.52;6.386
3.507;1.15;-0.359;-2.464;1.412;0.386;-3.252;-3.405;-3.846;-4.435;1.49;6.343
3.549;1.186;-0.366;-2.503;1.435;0.402;-3.291;-3.425;-3.85;-4.467;1.454;6.31
3.556;1.124;-0.435;-2.474;1.474;0.337;-3.301;-3.418;-3.814;-4.461;1.454;6.307
3.585;1.033;-0.556;-2.444;1.549;0.229;-3.294;-3.389;-3.771;-4.431;1.48;6.34
3.69;0.935;-0.758;-2.448;1.703;0.078;-3.343;-3.389;-3.784;-4.461;1.441;6.333
3.699;0.837;-0.866;-2.402;1.761;-0.023;-3.183;-3.186;-3.641;-4.343;1.487;6.399
3.84;0.712;-1.131;-2.412;1.964;-0.219;-3.154;-2.99;-3.497;-4.239;1.435;6.366
4.065;1.337;-0.732;-2.837;1.876;0.294;-3.533;-3.124;-3.167;-3.618;2.15;7.069
4.634;1.611;-1.026;-3.258;2.307;0.284;-3.712;-2.582;-2.379;-2.804;2.516;7.376
4.487;1.631;-0.859;-3.193;2.15;0.379;-3.503;-2.523;-2.516;-2.961;2.373;7.124
3.958;1.284;-0.676;-2.755;1.794;0.294;-3.137;-2.771;-2.984;-3.565;1.925;6.627
3.542;0.984;-0.562;-2.399;1.529;0.203;-2.958;-3.039;-3.467;-4.131;1.582;6.317
3.441;0.873;-0.572;-2.291;1.484;0.141;-2.961;-3.186;-3.686;-4.343;1.471;6.225
3.516;0.856;-0.663;-2.32;1.569;0.088;-3.052;-3.271;-3.804;-4.405;1.428;6.219
3.585;0.935;-0.654;-2.395;1.598;0.131;-3.137;-3.34;-3.843;-4.412;1.474;6.291
3.624;0.938;-0.69;-2.415;1.634;0.114;-3.147;-3.356;-3.833;-4.415;1.487;6.288
3.614;0.922;-0.696;-2.402;1.634;0.105;-3.127;-3.356;-3.801;-4.418;1.516;6.307
3.683;0.935;-0.752;-2.444;1.696;0.082;-3.121;-3.343;-3.775;-4.415;1.526;6.317
3.601;0.908;-0.696;-2.389;1.627;0.098;-3.124;-3.366;-3.781;-4.438;1.497;6.291
3.67;0.967;-0.706;-2.454;1.667;0.121;-3.144;-3.386;-3.784;-4.451;1.529;6.333
3.637;0.964;-0.676;-2.435;1.634;0.134;-3.144;-3.373;-3.768;-4.451;1.552;6.353
3.703;1.029;-0.676;-2.5;1.667;0.167;-3.196;-3.386;-3.788;-4.467;1.592;6.399
3.791;1.026;-0.768;-2.542;1.758;0.121;-3.297;-3.415;-3.84;-4.516;1.572;6.376
3.804;0.98;-0.827;-2.526;1.794;0.069;-3.356;-3.451;-3.892;-4.578;1.549;6.363
3.775;1.046;-0.732;-2.546;1.732;0.147;-3.382;-3.418;-3.837;-4.523;1.618;6.425
3.765;1.095;-0.673;-2.565;1.696;0.203;-3.415;-3.389;-3.794;-4.49;1.641;6.444
3.693;1.059;-0.637;-2.51;1.644;0.203;-3.379;-3.386;-3.788;-4.5;1.598;6.399
3.667;1.069;-0.601;-2.503;1.611;0.225;-3.363;-3.379;-3.81;-4.516;1.585;6.395
3.742;1.088;-0.657;-2.549;1.676;0.206;-3.324;-3.337;-3.801;-4.51;1.598;6.422
3.725;1.072;-0.657;-2.533;1.67;0.199;-3.304;-3.317;-3.824;-4.52;1.562;6.389
3.722;1.042;-0.683;-2.516;1.68;0.17;-3.301;-3.327;-3.837;-4.529;1.549;6.373
3.66;0.98;-0.683;-2.454;1.65;0.141;-3.245;-3.327;-3.833;-4.52;1.536;6.363
3.654;0.964;-0.693;-2.444;1.65;0.127;-3.19;-3.288;-3.794;-4.477;1.569;6.389
3.657;0.846;-0.814;-2.386;1.712;0.007;-3.212;-3.35;-3.853;-4.52;1.503;6.31
3.712;0.846;-0.869;-2.415;1.768;-0.02;-3.232;-3.366;-3.866;-4.497;1.493;6.291
3.722;0.951;-0.775;-2.471;1.725;0.078;-3.212;-3.356;-3.863;-4.441;1.533;6.314
3.663;0.948;-0.719;-2.441;1.67;0.105;-3.232;-3.402;-3.905;-4.461;1.471;6.229
3.703;1;-0.706;-2.487;1.683;0.137;-3.225;-3.392;-3.889;-4.448;1.493;6.248
3.696;1.023;-0.676;-2.493;1.663;0.163;-3.232;-3.402;-3.905;-4.454;1.467;6.229
3.69;0.997;-0.696;-2.477;1.67;0.141;-3.248;-3.408;-3.895;-4.464;1.467;6.235
3.667;1.016;-0.654;-2.477;1.637;0.173;-3.278;-3.428;-3.902;-4.477;1.48;6.261
3.667;1.013;-0.657;-2.474;1.641;0.17;-3.281;-3.422;-3.899;-4.48;1.477;6.268
3.69;1.069;-0.624;-2.513;1.634;0.212;-3.294;-3.428;-3.895;-4.477;1.48;6.281
3.686;1.059;-0.631;-2.507;1.637;0.206;-3.294;-3.418;-3.895;-4.471;1.48;6.278
3.65;1.049;-0.605;-2.484;1.605;0.212;-3.301;-3.425;-3.908;-4.493;1.441;6.255
3.673;1.049;-0.627;-2.497;1.627;0.203;-3.294;-3.418;-3.912;-4.493;1.431;6.248
3.696;1.059;-0.641;-2.513;1.647;0.199;-3.294;-3.412;-3.895;-4.484;1.422;6.239
3.68;1.023;-0.66;-2.487;1.647;0.173;-3.301;-3.408;-3.895;-4.49;1.422;6.235
3.67;1.033;-0.641;-2.487;1.634;0.186;-3.297;-3.408;-3.889;-4.484;1.451;6.275
3.686;1.069;-0.621;-2.513;1.631;0.216;-3.297;-3.402;-3.876;-4.474;1.448;6.275
3.703;1.069;-0.637;-2.52;1.647;0.206;-3.314;-3.402;-3.869;-4.464;1.438;6.271
3.699;1.046;-0.657;-2.507;1.657;0.186;-3.32;-3.402;-3.866;-4.454;1.454;6.291
3.686;1.072;-0.618;-2.513;1.631;0.219;-3.32;-3.389;-3.853;-4.441;1.48;6.314
3.716;1.098;-0.621;-2.542;1.647;0.229;-3.327;-3.376;-3.843;-4.428;1.484;6.327
3.69;1.114;-0.578;-2.536;1.611;0.258;-3.327;-3.346;-3.814;-4.418;1.526;6.363
3.833;1.17;-0.667;-2.637;1.729;0.242;-3.399;-3.373;-3.824;-4.441;1.523;6.363
3.745;1.183;-0.565;-2.598;1.634;0.301;-3.392;-3.324;-3.758;-4.356;1.572;6.428
3.856;1.294;-0.565;-2.709;1.69;0.356;-3.425;-3.278;-3.696;-4.275;1.556;6.392
3.938;1.304;-0.637;-2.755;1.765;0.324;-3.444;-3.219;-3.611;-4.18;1.585;6.402
3.928;1.261;-0.67;-2.729;1.778;0.288;-3.461;-3.176;-3.552;-4.111;1.595;6.402
3.915;1.261;-0.657;-2.722;1.765;0.294;-3.428;-3.124;-3.48;-4.042;1.654;6.431
3.964;1.288;-0.68;-2.761;1.801;0.294;-3.422;-3.131;-3.467;-4.033;1.676;6.441
3.853;1.186;-0.67;-2.654;1.739;0.248;-3.395;-3.144;-3.484;-4.033;1.686;6.441
3.856;1.193;-0.667;-2.66;1.739;0.255;-3.379;-3.173;-3.533;-4.046;1.66;6.412
3.833;1.186;-0.65;-2.644;1.719;0.258;-3.363;-3.216;-3.601;-4.098;1.631;6.373
3.886;1.209;-0.68;-2.683;1.761;0.255;-3.356;-3.252;-3.667;-4.17;1.578;6.333
3.712;1.098;-0.618;-2.539;1.644;0.232;-3.363;-3.294;-3.712;-4.261;1.533;6.284
3.742;1.121;-0.624;-2.565;1.66;0.239;-3.359;-3.327;-3.771;-4.333;1.516;6.265
3.722;1.105;-0.621;-2.549;1.65;0.232;-3.34;-3.343;-3.804;-4.402;1.461;6.229
3.657;1.105;-0.556;-2.516;1.585;0.265;-3.327;-3.35;-3.81;-4.444;1.438;6.203
3.752;1.111;-0.644;-2.565;1.676;0.225;-3.353;-3.392;-3.879;-4.516;1.415;6.176
3.641;1.092;-0.552;-2.5;1.575;0.261;-3.304;-3.363;-3.873;-4.503;1.454;6.216
3.709;1.082;-0.631;-2.529;1.647;0.216;-3.324;-3.392;-3.873;-4.533;1.451;6.199
3.66;1.111;-0.552;-2.52;1.585;0.271;-3.297;-3.376;-3.827;-4.51;1.487;6.235
3.693;1.105;-0.592;-2.533;1.621;0.248;-3.307;-3.392;-3.853;-4.536;1.493;6.242
3.68;1.056;-0.627;-2.503;1.631;0.206;-3.32;-3.392;-3.856;-4.546;1.425;6.206
3.667;1.098;-0.572;-2.516;1.598;0.255;-3.337;-3.402;-3.866;-4.559;1.376;6.154
3.624;1.098;-0.529;-2.497;1.556;0.275;-3.337;-3.412;-3.859;-4.565;1.376;6.173
3.608;1.059;-0.552;-2.467;1.559;0.245;-3.353;-3.448;-3.892;-4.592;1.366;6.144
3.641;1.137;-0.507;-2.523;1.552;0.307;-3.314;-3.405;-3.84;-4.536;1.422;6.199
3.634;1.108;-0.529;-2.507;1.559;0.281;-3.314;-3.418;-3.856;-4.556;1.373;6.176
3.65;1.141;-0.513;-2.529;1.559;0.304;-3.327;-3.441;-3.899;-4.601;1.337;6.147
3.605;1.147;-0.461;-2.51;1.51;0.333;-3.343;-3.461;-3.918;-4.621;1.353;6.163
3.588;1.232;-0.359;-2.546;1.451;0.428;-3.346;-3.474;-3.925;-4.637;1.353;6.167
3.729;1.435;-0.297;-2.716;1.49;0.559;-3.379;-3.503;-3.967;-4.673;1.327;6.157
3.614;1.484;-0.134;-2.683;1.353;0.667;-3.487;-3.605;-4.127;-4.824;1.176;6.052
3.696;1.487;-0.212;-2.725;1.431;0.627;-3.382;-3.51;-4.121;-4.817;1.147;6.072
3.876;1.301;-0.578;-2.722;1.706;0.353;-3.327;-3.284;-3.958;-4.647;1.219;6.163
3.987;1.69;-0.301;-2.974;1.621;0.686;-3.654;-3.415;-3.732;-4.206;1.807;6.765
4.418;2.18;-0.242;-3.435;1.807;0.961;-3.886;-3.01;-2.869;-3.229;2.428;7.31
4.549;2.049;-0.503;-3.435;2.003;0.765;-3.735;-2.676;-2.654;-3.095;2.399;7.157
4.059;1.663;-0.399;-2.997;1.706;0.624;-3.382;-2.863;-3.095;-3.657;1.928;6.634
3.644;1.258;-0.389;-2.585;1.493;0.425;-3.212;-3.173;-3.654;-4.324;1.451;6.173
3.526;1.036;-0.493;-2.415;1.487;0.261;-3.173;-3.288;-3.807;-4.533;1.34;6.082
3.556;0.905;-0.654;-2.366;1.582;0.118;-3.242;-3.34;-3.817;-4.529;1.369;6.15
3.631;0.817;-0.817;-2.359;1.703;-0.01;-3.314;-3.373;-3.817;-4.48;1.467;6.255
3.614;0.732;-0.886;-2.307;1.729;-0.085;-3.275;-3.33;-3.758;-4.415;1.539;6.32
3.637;0.69;-0.951;-2.297;1.771;-0.141;-3.245;-3.307;-3.709;-4.373;1.572;6.346
3.595;0.618;-0.98;-2.242;1.765;-0.19;-3.212;-3.271;-3.657;-4.327;1.618;6.389
3.611;0.552;-1.062;-2.216;1.814;-0.265;-3.199;-3.248;-3.65;-4.288;1.585;6.382
3.565;0.451;-1.118;-2.144;1.82;-0.343;-3.173;-3.212;-3.618;-4.229;1.614;6.425
3.725;0.474;-1.255;-2.235;1.967;-0.399;-3.167;-3.17;-3.549;-4.147;1.722;6.533
3.69;0.35;-1.343;-2.154;1.993;-0.507;-3.163;-3.147;-3.513;-4.105;1.771;6.598
3.709;0.412;-1.301;-2.196;1.984;-0.454;-3.235;-3.173;-3.526;-4.121;1.778;6.614
3.824;0.801;-1.026;-2.448;1.902;-0.121;-3.418;-3.34;-3.693;-4.271;1.641;6.503
3.791;1.042;-0.752;-2.552;1.748;0.137;-3.542;-3.441;-3.771;-4.337;1.588;6.448
3.83;1.206;-0.627;-2.654;1.706;0.281;-3.572;-3.444;-3.765;-4.32;1.601;6.444
3.725;1.242;-0.487;-2.618;1.585;0.369;-3.516;-3.435;-3.771;-4.327;1.513;6.389
3.748;1.252;-0.5;-2.634;1.601;0.366;-3.484;-3.454;-3.807;-4.346;1.513;6.379
3.709;1.242;-0.471;-2.611;1.569;0.376;-3.441;-3.422;-3.791;-4.337;1.569;6.422
3.735;1.222;-0.516;-2.614;1.605;0.343;-3.428;-3.412;-3.801;-4.359;1.539;6.405
3.67;1.261;-0.412;-2.601;1.52;0.415;-3.399;-3.382;-3.801;-4.376;1.542;6.415
3.703;1.261;-0.444;-2.618;1.552;0.399;-3.386;-3.373;-3.807;-4.402;1.572;6.412
3.683;1.183;-0.503;-2.569;1.572;0.33;-3.389;-3.392;-3.843;-4.448;1.493;6.324
3.67;1.242;-0.431;-2.592;1.529;0.395;-3.369;-3.366;-3.817;-4.428;1.542;6.373
3.667;1.252;-0.418;-2.595;1.52;0.408;-3.346;-3.337;-3.791;-4.418;1.575;6.405
3.654;1.209;-0.448;-2.565;1.529;0.373;-3.366;-3.366;-3.807;-4.461;1.497;6.304
3.699;1.252;-0.451;-2.611;1.552;0.392;-3.389;-3.389;-3.807;-4.471;1.507;6.32
3.696;1.219;-0.48;-2.592;1.565;0.359;-3.363;-3.369;-3.797;-4.467;1.529;6.33
3.667;1.235;-0.435;-2.585;1.529;0.392;-3.343;-3.359;-3.788;-4.477;1.513;6.324
3.65;1.252;-0.402;-2.585;1.503;0.415;-3.34;-3.356;-3.804;-4.497;1.513;6.333
3.621;1.196;-0.428;-2.542;1.503;0.376;-3.353;-3.366;-3.82;-4.507;1.556;6.369
3.676;1.212;-0.467;-2.578;1.549;0.363;-3.356;-3.35;-3.827;-4.513;1.51;6.34
3.549;1.134;-0.418;-2.477;1.461;0.35;-3.386;-3.392;-3.889;-4.549;1.493;6.32
3.716;1.193;-0.526;-2.588;1.598;0.324;-3.399;-3.405;-3.915;-4.513;1.52;6.369
3.69;1.203;-0.49;-2.582;1.569;0.346;-3.399;-3.399;-3.931;-4.497;1.48;6.337
3.637;1.199;-0.441;-2.552;1.516;0.369;-3.389;-3.392;-3.925;-4.493;1.484;6.34
3.634;1.199;-0.438;-2.552;1.513;0.373;-3.405;-3.405;-3.938;-4.497;1.507;6.395
3.66;1.252;-0.412;-2.592;1.513;0.412;-3.402;-3.399;-3.915;-4.484;1.487;6.395
3.657;1.271;-0.389;-2.598;1.5;0.431;-3.441;-3.425;-3.931;-4.487;1.458;6.386
3.683;1.288;-0.399;-2.621;1.52;0.435;-3.448;-3.451;-3.931;-4.471;1.5;6.399
3.667;1.327;-0.343;-2.631;1.484;0.484;-3.451;-3.448;-3.908;-4.438;1.497;6.405
3.614;1.275;-0.343;-2.578;1.458;0.458;-3.408;-3.422;-3.876;-4.395;1.516;6.425
3.709;1.248;-0.464;-2.614;1.565;0.382;-3.428;-3.435;-3.866;-4.392;1.487;6.425
3.654;1.281;-0.376;-2.601;1.493;0.444;-3.422;-3.422;-3.85;-4.382;1.513;6.415
3.801;1.359;-0.444;-2.716;1.601;0.448;-3.454;-3.408;-3.82;-4.35;1.507;6.412
3.742;1.392;-0.353;-2.703;1.526;0.51;-3.48;-3.392;-3.771;-4.307;1.523;6.431
3.771;1.412;-0.363;-2.725;1.546;0.516;-3.546;-3.382;-3.716;-4.258;1.575;6.461
3.81;1.454;-0.359;-2.768;1.562;0.539;-3.526;-3.265;-3.556;-4.105;1.618;6.477
3.863;1.474;-0.392;-2.804;1.605;0.533;-3.526;-3.163;-3.412;-3.961;1.67;6.51
3.879;1.428;-0.454;-2.788;1.644;0.477;-3.497;-3.075;-3.278;-3.84;1.739;6.556
3.925;1.412;-0.516;-2.804;1.699;0.438;-3.484;-3.026;-3.212;-3.788;1.742;6.542
3.869;1.34;-0.533;-2.739;1.68;0.395;-3.454;-3.02;-3.199;-3.824;1.768;6.569
3.863;1.235;-0.631;-2.683;1.725;0.294;-3.412;-3.013;-3.19;-3.837;1.81;6.601
3.833;1.163;-0.673;-2.634;1.732;0.235;-3.412;-3.065;-3.235;-3.879;1.761;6.559
3.761;1.245;-0.52;-2.637;1.618;0.353;-3.395;-3.114;-3.252;-3.944;1.732;6.546
3.735;1.275;-0.464;-2.641;1.578;0.395;-3.402;-3.193;-3.386;-4.036;1.69;6.5
3.725;1.258;-0.471;-2.627;1.575;0.386;-3.418;-3.271;-3.52;-4.157;1.634;6.451
3.725;1.294;-0.435;-2.644;1.559;0.422;-3.402;-3.291;-3.585;-4.206;1.582;6.402
3.699;1.288;-0.415;-2.627;1.536;0.428;-3.382;-3.314;-3.65;-4.239;1.549;6.366
3.683;1.248;-0.438;-2.601;1.539;0.395;-3.359;-3.324;-3.69;-4.255;1.562;6.389
3.709;1.183;-0.529;-2.582;1.598;0.317;-3.34;-3.337;-3.761;-4.284;1.523;6.333
3.699;1.199;-0.503;-2.585;1.578;0.34;-3.327;-3.343;-3.768;-4.301;1.556;6.363
3.686;1.203;-0.487;-2.578;1.565;0.35;-3.307;-3.346;-3.765;-4.32;1.569;6.366
3.663;1.18;-0.487;-2.556;1.552;0.337;-3.304;-3.35;-3.758;-4.356;1.536;6.333
3.673;1.144;-0.533;-2.542;1.582;0.297;-3.327;-3.379;-3.771;-4.379;1.539;6.337
3.673;1.095;-0.582;-2.52;1.605;0.248;-3.304;-3.363;-3.752;-4.373;1.542;6.343
3.673;1.088;-0.588;-2.516;1.608;0.242;-3.304;-3.373;-3.768;-4.402;1.51;6.317
3.657;1.088;-0.572;-2.507;1.592;0.248;-3.32;-3.389;-3.791;-4.435;1.5;6.307
3.614;1.111;-0.507;-2.497;1.539;0.294;-3.33;-3.395;-3.814;-4.461;1.513;6.32
3.572;1.127;-0.448;-2.484;1.487;0.33;-3.324;-3.382;-3.827;-4.49;1.52;6.333
3.631;1.147;-0.487;-2.523;1.536;0.32;-3.359;-3.415;-3.869;-4.552;1.484;6.31
3.608;1.15;-0.461;-2.513;1.513;0.337;-3.346;-3.405;-3.882;-4.575;1.503;6.324
3.709;1.131;-0.582;-2.556;1.624;0.265;-3.382;-3.435;-3.928;-4.631;1.451;6.275
3.657;1.111;-0.549;-2.52;1.582;0.271;-3.392;-3.448;-3.941;-4.641;1.461;6.297
3.654;1.137;-0.52;-2.529;1.565;0.301;-3.382;-3.435;-3.935;-4.631;1.497;6.343
3.748;1.118;-0.634;-2.569;1.67;0.232;-3.428;-3.451;-3.971;-4.67;1.461;6.353
3.81;1.088;-0.725;-2.585;1.745;0.173;-3.32;-3.288;-3.859;-4.601;1.444;6.359
3.931;0.869;-1.065;-2.536;1.977;-0.108;-3.333;-3.131;-3.768;-4.556;1.386;6.337
4.141;1.546;-0.598;-2.977;1.846;0.467;-3.755;-3.33;-3.536;-4.062;2.033;7.003
4.667;1.801;-0.869;-3.369;2.245;0.458;-3.951;-2.889;-2.863;-3.304;2.359;7.265
4.536;1.788;-0.752;-3.297;2.121;0.51;-3.725;-2.775;-2.886;-3.327;2.324;7.101
3.987;1.418;-0.572;-2.837;1.758;0.415;-3.373;-2.941;-3.281;-3.856;1.895;6.608
3.611;1.088;-0.526;-2.484;1.546;0.271;-3.229;-3.19;-3.748;-4.405;1.503;6.242
3.533;1.056;-0.48;-2.428;1.484;0.278;-3.245;-3.324;-3.912;-4.588;1.363;6.127
3.627;1.036;-0.595;-2.467;1.588;0.212;-3.343;-3.408;-3.977;-4.611;1.359;6.173
3.65;1.092;-0.562;-2.507;1.585;0.255;-3.444;-3.5;-4.01;-4.582;1.425;6.275
3.69;1.147;-0.546;-2.552;1.595;0.291;-3.461;-3.51;-4.007;-4.549;1.435;6.291
3.663;1.144;-0.523;-2.539;1.572;0.301;-3.451;-3.513;-4.01;-4.533;1.425;6.288
3.686;1.19;-0.5;-2.572;1.572;0.337;-3.464;-3.526;-4.003;-4.52;1.454;6.324
3.67;1.19;-0.484;-2.565;1.556;0.343;-3.458;-3.529;-3.99;-4.51;1.431;6.31
3.709;1.232;-0.48;-2.605;1.572;0.366;-3.467;-3.529;-3.967;-4.497;1.454;6.337
3.716;1.307;-0.412;-2.647;1.542;0.438;-3.497;-3.546;-3.974;-4.503;1.477;6.369
3.755;1.356;-0.402;-2.69;1.556;0.467;-3.52;-3.542;-3.964;-4.503;1.5;6.399
3.866;1.395;-0.474;-2.765;1.647;0.451;-3.601;-3.569;-3.974;-4.526;1.474;6.386
3.82;1.337;-0.487;-2.712;1.631;0.415;-3.631;-3.601;-3.997;-4.549;1.435;6.359
3.882;1.405;-0.48;-2.778;1.66;0.454;-3.641;-3.546;-3.925;-4.467;1.51;6.431
3.882;1.425;-0.461;-2.788;1.65;0.474;-3.631;-3.516;-3.886;-4.412;1.542;6.461
3.837;1.415;-0.425;-2.761;1.608;0.487;-3.562;-3.51;-3.892;-4.408;1.52;6.425
3.771;1.386;-0.389;-2.712;1.559;0.49;-3.533;-3.5;-3.889;-4.408;1.497;6.425
3.758;1.369;-0.392;-2.699;1.552;0.48;-3.493;-3.484;-3.882;-4.402;1.51;6.425
3.797;1.301;-0.5;-2.683;1.627;0.392;-3.507;-3.507;-3.912;-4.435;1.458;6.386
3.732;1.33;-0.405;-2.667;1.546;0.454;-3.454;-3.471;-3.895;-4.415;1.477;6.412
3.742;1.297;-0.448;-2.654;1.572;0.415;-3.431;-3.484;-3.925;-4.441;1.441;6.379
3.69;1.245;-0.448;-2.601;1.546;0.389;-3.431;-3.51;-3.971;-4.467;1.428;6.363
3.706;1.248;-0.461;-2.611;1.562;0.386;-3.412;-3.487;-3.918;-4.444;1.484;6.408
3.771;1.255;-0.52;-2.647;1.624;0.359;-3.379;-3.464;-3.879;-4.428;1.474;6.408
3.748;1.291;-0.461;-2.654;1.582;0.405;-3.379;-3.477;-3.879;-4.438;1.458;6.382
3.699;1.219;-0.484;-2.595;1.569;0.359;-3.369;-3.484;-3.879;-4.448;1.451;6.376
3.748;1.248;-0.503;-2.634;1.605;0.363;-3.382;-3.5;-3.876;-4.454;1.451;6.363
3.631;1.203;-0.431;-2.552;1.51;0.376;-3.353;-3.477;-3.843;-4.438;1.425;6.34
3.869;1.317;-0.556;-2.729;1.69;0.373;-3.399;-3.51;-3.869;-4.454;1.422;6.327
3.66;1.222;-0.441;-2.575;1.529;0.382;-3.405;-3.533;-3.876;-4.471;1.418;6.307
3.624;1.203;-0.425;-2.549;1.503;0.379;-3.418;-3.552;-3.879;-4.484;1.441;6.307
3.745;1.245;-0.503;-2.631;1.601;0.363;-3.425;-3.549;-3.863;-4.49;1.395;6.252
3.801;1.346;-0.458;-2.709;1.608;0.435;-3.422;-3.533;-3.797;-4.497;1.369;6.242
3.696;1.327;-0.373;-2.647;1.513;0.467;-3.405;-3.523;-3.794;-4.49;1.431;6.278
3.729;1.31;-0.422;-2.654;1.552;0.435;-3.448;-3.575;-3.879;-4.556;1.382;6.225
3.775;1.356;-0.422;-2.699;1.575;0.458;-3.428;-3.542;-3.863;-4.539;1.408;6.225
3.781;1.33;-0.454;-2.69;1.595;0.428;-3.422;-3.546;-3.866;-4.536;1.438;6.261
3.788;1.317;-0.474;-2.686;1.608;0.412;-3.444;-3.569;-3.912;-4.549;1.412;6.232
3.778;1.33;-0.451;-2.69;1.592;0.431;-3.438;-3.546;-3.905;-4.533;1.412;6.232
3.709;1.35;-0.363;-2.663;1.513;0.484;-3.435;-3.529;-3.915;-4.529;1.431;6.242
3.739;1.337;-0.405;-2.673;1.549;0.458;-3.467;-3.552;-3.944;-4.565;1.408;6.229
3.761;1.337;-0.428;-2.683;1.572;0.444;-3.471;-3.536;-3.908;-4.546;1.451;6.245
3.761;1.327;-0.438;-2.68;1.578;0.435;-3.48;-3.536;-3.869;-4.526;1.428;6.245
3.788;1.408;-0.382;-2.732;1.562;0.503;-3.477;-3.507;-3.814;-4.484;1.428;6.265
3.771;1.431;-0.343;-2.735;1.536;0.536;-3.507;-3.497;-3.771;-4.451;1.412;6.255
3.761;1.513;-0.252;-2.771;1.484;0.621;-3.536;-3.48;-3.729;-4.402;1.474;6.294
3.846;1.614;-0.235;-2.866;1.52;0.68;-3.588;-3.471;-3.696;-4.359;1.458;6.284
3.967;1.807;-0.163;-3.023;1.542;0.814;-3.67;-3.467;-3.683;-4.324;1.458;6.278
3.895;1.961;0.062;-3.062;1.395;1.003;-3.696;-3.415;-3.647;-4.265;1.5;6.301
3.958;1.935;-0.026;-3.082;1.471;0.944;-3.69;-3.33;-3.614;-4.196;1.536;6.353
4;1.892;-0.111;-3.082;1.533;0.882;-3.634;-3.245;-3.65;-4.144;1.601;6.412
3.948;1.797;-0.154;-3.007;1.529;0.814;-3.598;-3.229;-3.592;-4.163;1.641;6.458
3.931;1.68;-0.255;-2.941;1.572;0.703;-3.575;-3.239;-3.631;-4.219;1.637;6.464
3.876;1.644;-0.235;-2.895;1.533;0.696;-3.546;-3.252;-3.644;-4.281;1.637;6.474
3.843;1.611;-0.235;-2.863;1.516;0.68;-3.552;-3.294;-3.69;-4.346;1.611;6.451
3.859;1.611;-0.252;-2.869;1.533;0.67;-3.556;-3.33;-3.719;-4.395;1.592;6.441
3.833;1.614;-0.222;-2.859;1.507;0.686;-3.539;-3.356;-3.719;-4.425;1.559;6.425
3.771;1.458;-0.317;-2.748;1.523;0.562;-3.493;-3.363;-3.745;-4.408;1.542;6.415
3.797;1.294;-0.507;-2.68;1.631;0.386;-3.458;-3.369;-3.797;-4.386;1.578;6.435
3.768;1.157;-0.614;-2.598;1.67;0.261;-3.386;-3.32;-3.735;-4.327;1.641;6.487
3.771;1.075;-0.699;-2.559;1.712;0.18;-3.35;-3.307;-3.637;-4.294;1.637;6.487
3.722;0.974;-0.752;-2.484;1.716;0.101;-3.291;-3.265;-3.595;-4.235;1.66;6.497
3.673;0.918;-0.758;-2.431;1.693;0.072;-3.252;-3.258;-3.578;-4.186;1.69;6.523
3.703;0.879;-0.827;-2.425;1.742;0.016;-3.242;-3.255;-3.565;-4.163;1.667;6.516
3.69;0.725;-0.967;-2.343;1.807;-0.131;-3.225;-3.261;-3.569;-4.157;1.683;6.513
3.758;0.647;-1.114;-2.337;1.915;-0.242;-3.167;-3.222;-3.52;-4.114;1.709;6.552
3.654;0.438;-1.219;-2.18;1.915;-0.399;-3.072;-3.137;-3.428;-4.046;1.758;6.614
3.683;0.373;-1.314;-2.163;1.977;-0.48;-3.072;-3.141;-3.412;-4.049;1.748;6.614
3.641;0.569;-1.075;-2.239;1.837;-0.261;-3.127;-3.209;-3.461;-4.127;1.676;6.556
3.647;0.915;-0.735;-2.415;1.67;0.082;-3.252;-3.34;-3.572;-4.281;1.559;6.448
3.647;1.16;-0.49;-2.539;1.546;0.327;-3.314;-3.408;-3.647;-4.346;1.458;6.35
3.703;1.225;-0.48;-2.598;1.569;0.363;-3.353;-3.448;-3.67;-4.356;1.441;6.33
3.686;1.271;-0.418;-2.614;1.529;0.418;-3.356;-3.461;-3.696;-4.369;1.464;6.35
3.703;1.258;-0.448;-2.614;1.552;0.395;-3.366;-3.471;-3.765;-4.418;1.484;6.359
3.68;1.248;-0.435;-2.598;1.536;0.399;-3.353;-3.435;-3.781;-4.431;1.49;6.366
3.758;1.252;-0.51;-2.641;1.611;0.363;-3.389;-3.441;-3.833;-4.484;1.467;6.386
3.81;1.17;-0.644;-2.624;1.706;0.255;-3.271;-3.297;-3.758;-4.448;1.487;6.441
3.879;1.092;-0.791;-2.621;1.814;0.141;-3.209;-3.092;-3.605;-4.369;1.412;6.382
4.121;1.595;-0.529;-2.993;1.804;0.526;-3.585;-3.209;-3.333;-3.895;1.879;6.843
4.66;2.121;-0.542;-3.523;2.078;0.781;-3.85;-2.735;-2.441;-2.941;2.516;7.402
4.608;2.036;-0.575;-3.458;2.069;0.722;-3.647;-2.428;-2.288;-2.879;2.49;7.268
4.078;1.748;-0.333;-3.049;1.683;0.699;-3.297;-2.722;-2.837;-3.536;2;6.752
3.637;1.327;-0.314;-2.618;1.454;0.497;-3.105;-3.056;-3.451;-4.225;1.542;6.337
3.487;1.219;-0.271;-2.487;1.356;0.464;-3.118;-3.248;-3.725;-4.526;1.343;6.17
3.595;1.278;-0.32;-2.572;1.435;0.471;-3.193;-3.281;-3.765;-4.539;1.458;6.33
3.595;1.232;-0.366;-2.549;1.458;0.425;-3.32;-3.366;-3.833;-4.565;1.516;6.418
3.742;1.31;-0.435;-2.66;1.565;0.428;-3.382;-3.392;-3.866;-4.572;1.471;6.399
3.673;1.255;-0.422;-2.598;1.526;0.408;-3.408;-3.402;-3.899;-4.598;1.386;6.327
3.644;1.278;-0.369;-2.595;1.484;0.444;-3.415;-3.399;-3.918;-4.575;1.408;6.359
3.735;1.373;-0.366;-2.69;1.529;0.493;-3.431;-3.399;-3.905;-4.533;1.464;6.408
3.69;1.395;-0.297;-2.676;1.471;0.539;-3.451;-3.431;-3.889;-4.487;1.458;6.422
3.647;1.382;-0.268;-2.65;1.435;0.549;-3.49;-3.477;-3.869;-4.431;1.549;6.503
3.807;1.408;-0.402;-2.742;1.582;0.493;-3.513;-3.474;-3.856;-4.395;1.533;6.52
3.801;1.415;-0.389;-2.742;1.572;0.503;-3.533;-3.467;-3.83;-4.373;1.487;6.497
3.951;1.392;-0.562;-2.807;1.735;0.405;-3.605;-3.529;-3.869;-4.412;1.507;6.516
3.859;1.402;-0.461;-2.765;1.637;0.461;-3.562;-3.467;-3.791;-4.333;1.582;6.582
3.824;1.503;-0.324;-2.797;1.552;0.582;-3.565;-3.428;-3.739;-4.278;1.624;6.588
3.876;1.513;-0.366;-2.83;1.598;0.565;-3.549;-3.451;-3.761;-4.31;1.588;6.552
3.758;1.471;-0.291;-2.748;1.503;0.582;-3.51;-3.441;-3.752;-4.307;1.556;6.5
3.735;1.422;-0.317;-2.712;1.503;0.542;-3.471;-3.399;-3.732;-4.291;1.552;6.497
3.775;1.487;-0.291;-2.765;1.51;0.588;-3.5;-3.418;-3.752;-4.32;1.539;6.48
3.781;1.428;-0.356;-2.739;1.546;0.526;-3.48;-3.402;-3.722;-4.317;1.539;6.477
3.722;1.346;-0.379;-2.67;1.529;0.474;-3.467;-3.415;-3.732;-4.337;1.507;6.438
3.735;1.307;-0.431;-2.657;1.562;0.428;-3.48;-3.415;-3.725;-4.35;1.49;6.415
3.745;1.307;-0.441;-2.66;1.572;0.425;-3.474;-3.408;-3.709;-4.359;1.441;6.363
3.693;1.32;-0.376;-2.641;1.513;0.464;-3.471;-3.386;-3.673;-4.333;1.503;6.428
3.716;1.337;-0.382;-2.66;1.526;0.467;-3.467;-3.369;-3.644;-4.324;1.542;6.451
3.709;1.34;-0.373;-2.66;1.52;0.474;-3.458;-3.386;-3.644;-4.337;1.526;6.438
3.739;1.34;-0.402;-2.673;1.549;0.461;-3.461;-3.408;-3.621;-4.369;1.484;6.399
3.768;1.389;-0.382;-2.712;1.552;0.493;-3.454;-3.412;-3.686;-4.386;1.444;6.373
3.716;1.376;-0.343;-2.68;1.507;0.507;-3.444;-3.425;-3.709;-4.392;1.451;6.366
3.752;1.353;-0.402;-2.686;1.556;0.467;-3.425;-3.418;-3.742;-4.379;1.467;6.386
3.742;1.324;-0.422;-2.667;1.559;0.441;-3.405;-3.402;-3.788;-4.363;1.454;6.376
3.735;1.297;-0.441;-2.65;1.565;0.418;-3.395;-3.408;-3.781;-4.373;1.458;6.379
3.742;1.297;-0.448;-2.654;1.572;0.415;-3.373;-3.392;-3.745;-4.366;1.49;6.405
3.748;1.31;-0.441;-2.663;1.572;0.425;-3.369;-3.389;-3.729;-4.379;1.513;6.415
3.725;1.245;-0.484;-2.621;1.582;0.373;-3.386;-3.418;-3.745;-4.428;1.48;6.376
3.755;1.245;-0.513;-2.634;1.611;0.356;-3.359;-3.399;-3.719;-4.418;1.484;6.379
3.748;1.281;-0.471;-2.65;1.588;0.395;-3.343;-3.382;-3.712;-4.422;1.477;6.373
3.83;1.301;-0.533;-2.699;1.66;0.376;-3.379;-3.412;-3.739;-4.458;1.464;6.356
3.775;1.271;-0.507;-2.657;1.618;0.373;-3.405;-3.428;-3.765;-4.477;1.464;6.343
3.745;1.261;-0.487;-2.637;1.595;0.379;-3.425;-3.431;-3.791;-4.49;1.474;6.337
3.742;1.307;-0.438;-2.66;1.569;0.425;-3.428;-3.412;-3.784;-4.484;1.51;6.366
3.755;1.291;-0.467;-2.657;1.588;0.402;-3.435;-3.402;-3.791;-4.49;1.51;6.35
3.807;1.327;-0.484;-2.703;1.624;0.412;-3.461;-3.399;-3.781;-4.48;1.533;6.356
3.797;1.314;-0.487;-2.69;1.621;0.405;-3.477;-3.389;-3.758;-4.477;1.542;6.376
3.856;1.346;-0.513;-2.735;1.663;0.408;-3.487;-3.369;-3.696;-4.467;1.549;6.389
3.869;1.386;-0.487;-2.761;1.657;0.441;-3.48;-3.314;-3.585;-4.389;1.601;6.422
3.902;1.415;-0.49;-2.794;1.673;0.454;-3.516;-3.288;-3.565;-4.343;1.595;6.412
3.948;1.441;-0.51;-2.83;1.706;0.458;-3.52;-3.232;-3.497;-4.275;1.588;6.379
4.01;1.5;-0.513;-2.889;1.739;0.487;-3.503;-3.157;-3.438;-4.17;1.644;6.422
4.013;1.402;-0.614;-2.843;1.791;0.386;-3.51;-3.15;-3.435;-4.16;1.614;6.389
3.935;1.327;-0.611;-2.765;1.752;0.35;-3.513;-3.163;-3.461;-4.17;1.595;6.359
3.971;1.389;-0.585;-2.814;1.755;0.392;-3.49;-3.15;-3.454;-4.141;1.618;6.359
3.935;1.35;-0.588;-2.778;1.739;0.373;-3.464;-3.16;-3.471;-4.144;1.637;6.366
3.977;1.428;-0.552;-2.837;1.742;0.428;-3.454;-3.163;-3.487;-4.147;1.65;6.382
3.899;1.386;-0.516;-2.778;1.686;0.425;-3.454;-3.219;-3.542;-4.19;1.614;6.359
3.895;1.389;-0.51;-2.778;1.68;0.431;-3.428;-3.242;-3.582;-4.222;1.585;6.35
3.859;1.392;-0.471;-2.761;1.644;0.451;-3.435;-3.284;-3.637;-4.261;1.559;6.33
3.856;1.379;-0.48;-2.752;1.647;0.441;-3.458;-3.333;-3.69;-4.288;1.533;6.32
3.804;1.373;-0.435;-2.722;1.598;0.461;-3.422;-3.343;-3.703;-4.281;1.513;6.31
3.83;1.379;-0.454;-2.739;1.621;0.454;-3.408;-3.353;-3.716;-4.284;1.503;6.31
3.791;1.366;-0.428;-2.712;1.588;0.461;-3.405;-3.373;-3.748;-4.314;1.487;6.307
3.794;1.392;-0.405;-2.729;1.578;0.484;-3.392;-3.379;-3.755;-4.337;1.477;6.304
3.794;1.386;-0.412;-2.725;1.582;0.477;-3.376;-3.373;-3.752;-4.346;1.487;6.301
3.775;1.363;-0.415;-2.703;1.572;0.464;-3.379;-3.392;-3.765;-4.369;1.461;6.294
3.791;1.359;-0.435;-2.709;1.592;0.454;-3.399;-3.418;-3.788;-4.399;1.415;6.261
3.768;1.389;-0.382;-2.712;1.552;0.493;-3.395;-3.425;-3.784;-4.405;1.386;6.242
3.768;1.356;-0.415;-2.696;1.569;0.461;-3.379;-3.418;-3.771;-4.399;1.408;6.268
3.761;1.373;-0.392;-2.703;1.556;0.48;-3.389;-3.431;-3.765;-4.405;1.408;6.268
3.765;1.31;-0.458;-2.673;1.588;0.418;-3.366;-3.425;-3.765;-4.405;1.408;6.271
3.775;1.33;-0.448;-2.686;1.588;0.431;-3.359;-3.425;-3.748;-4.395;1.422;6.291
3.735;1.314;-0.425;-2.66;1.559;0.435;-3.359;-3.438;-3.761;-4.412;1.425;6.281
3.788;1.317;-0.474;-2.686;1.608;0.412;-3.35;-3.431;-3.758;-4.415;1.415;6.294
3.758;1.346;-0.415;-2.686;1.565;0.458;-3.346;-3.438;-3.768;-4.451;1.402;6.297
3.758;1.33;-0.431;-2.68;1.572;0.441;-3.356;-3.448;-3.801;-4.458;1.448;6.333
3.788;1.373;-0.418;-2.716;1.582;0.467;-3.35;-3.428;-3.794;-4.438;1.477;6.35
3.758;1.297;-0.464;-2.663;1.588;0.408;-3.346;-3.408;-3.778;-4.435;1.474;6.359
3.869;1.206;-0.667;-2.673;1.745;0.261;-3.337;-3.392;-3.797;-4.5;1.324;6.281
3.876;1.114;-0.765;-2.631;1.797;0.167;-3.225;-3.154;-3.618;-4.366;1.369;6.33
4.098;1.359;-0.742;-2.863;1.899;0.301;-3.48;-3.245;-3.549;-4.203;1.529;6.536
4.431;2.173;-0.261;-3.438;1.824;0.948;-3.892;-3.17;-2.912;-3.35;2.31;7.255
4.899;2.288;-0.614;-3.725;2.235;0.83;-3.82;-2.716;-2.467;-2.964;2.444;7.245
4.382;1.977;-0.408;-3.314;1.873;0.778;-3.487;-2.837;-2.784;-3.399;2.088;6.807
3.837;1.5;-0.34;-2.804;1.565;0.572;-3.203;-3.092;-3.294;-4.052;1.575;6.304
3.631;1.353;-0.281;-2.627;1.435;0.526;-3.18;-3.307;-3.608;-4.458;1.314;6.082
3.624;1.294;-0.333;-2.595;1.458;0.471;-3.275;-3.444;-3.725;-4.592;1.291;6.065
3.729;1.392;-0.34;-2.696;1.513;0.516;-3.353;-3.484;-3.745;-4.562;1.353;6.15
3.703;1.324;-0.382;-2.647;1.52;0.461;-3.435;-3.556;-3.843;-4.578;1.343;6.157
3.791;1.415;-0.379;-2.739;1.562;0.51;-3.425;-3.526;-3.869;-4.549;1.35;6.163
3.703;1.392;-0.314;-2.683;1.487;0.529;-3.435;-3.536;-3.902;-4.565;1.34;6.163
3.732;1.408;-0.327;-2.706;1.507;0.533;-3.448;-3.533;-3.905;-4.559;1.363;6.176
3.837;1.467;-0.373;-2.788;1.582;0.539;-3.507;-3.578;-3.908;-4.575;1.373;6.18
3.797;1.542;-0.258;-2.804;1.507;0.634;-3.49;-3.539;-3.81;-4.516;1.487;6.294
3.797;1.503;-0.297;-2.784;1.526;0.595;-3.513;-3.539;-3.761;-4.5;1.493;6.301
3.912;1.52;-0.395;-2.85;1.631;0.552;-3.598;-3.569;-3.745;-4.513;1.438;6.261
3.958;1.562;-0.399;-2.895;1.657;0.572;-3.641;-3.608;-3.739;-4.542;1.395;6.239
3.873;1.578;-0.297;-2.859;1.562;0.631;-3.634;-3.578;-3.657;-4.477;1.464;6.284
3.922;1.637;-0.288;-2.915;1.582;0.667;-3.644;-3.552;-3.595;-4.415;1.556;6.359
3.84;1.618;-0.225;-2.863;1.51;0.686;-3.592;-3.559;-3.627;-4.431;1.513;6.327
3.814;1.631;-0.186;-2.856;1.477;0.712;-3.588;-3.605;-3.732;-4.503;1.422;6.252
3.837;1.742;-0.098;-2.925;1.444;0.814;-3.575;-3.601;-3.801;-4.539;1.395;6.225
3.804;1.856;0.049;-2.964;1.356;0.944;-3.608;-3.644;-3.931;-4.592;1.373;6.199
3.758;1.892;0.131;-2.961;1.291;1.003;-3.598;-3.67;-4.141;-4.67;1.317;6.163
3.824;1.824;-0.003;-2.958;1.392;0.902;-3.611;-3.696;-4.219;-4.758;1.284;6.147
3.761;1.725;-0.039;-2.879;1.379;0.833;-3.588;-3.673;-4.167;-4.794;1.333;6.199
3.716;1.624;-0.095;-2.804;1.382;0.755;-3.592;-3.673;-4.167;-4.84;1.343;6.216
3.768;1.549;-0.222;-2.794;1.474;0.654;-3.572;-3.647;-4.114;-4.824;1.386;6.258
3.735;1.51;-0.229;-2.758;1.461;0.631;-3.556;-3.627;-4.049;-4.797;1.399;6.271
3.791;1.464;-0.33;-2.761;1.539;0.559;-3.575;-3.631;-4.007;-4.778;1.379;6.255
3.712;1.49;-0.225;-2.735;1.448;0.624;-3.572;-3.614;-3.876;-4.732;1.422;6.275
3.765;1.408;-0.359;-2.722;1.539;0.516;-3.569;-3.608;-3.892;-4.673;1.438;6.297
3.768;1.307;-0.464;-2.673;1.595;0.412;-3.503;-3.539;-3.752;-4.575;1.503;6.353
3.765;1.252;-0.516;-2.644;1.618;0.359;-3.458;-3.5;-3.676;-4.507;1.552;6.405
3.722;1.17;-0.556;-2.582;1.618;0.297;-3.412;-3.471;-3.663;-4.428;1.575;6.408
3.696;1.092;-0.608;-2.529;1.631;0.232;-3.395;-3.464;-3.624;-4.386;1.578;6.408
3.696;0.974;-0.725;-2.471;1.69;0.114;-3.376;-3.458;-3.627;-4.343;1.582;6.422
3.686;0.886;-0.804;-2.422;1.722;0.033;-3.307;-3.392;-3.556;-4.268;1.621;6.458
3.784;0.837;-0.951;-2.444;1.846;-0.065;-3.317;-3.389;-3.526;-4.222;1.654;6.497
3.781;0.732;-1.052;-2.392;1.895;-0.17;-3.252;-3.317;-3.435;-4.121;1.729;6.582
3.755;0.542;-1.216;-2.284;1.964;-0.346;-3.225;-3.288;-3.392;-4.095;1.729;6.598
3.676;0.644;-1.036;-2.294;1.833;-0.206;-3.235;-3.307;-3.405;-4.108;1.68;6.562
3.768;1.065;-0.706;-2.552;1.716;0.17;-3.376;-3.448;-3.523;-4.225;1.575;6.458
3.69;1.232;-0.461;-2.595;1.552;0.376;-3.461;-3.546;-3.621;-4.301;1.507;6.395
3.725;1.353;-0.376;-2.673;1.529;0.48;-3.477;-3.572;-3.66;-4.327;1.493;6.376
3.706;1.395;-0.314;-2.686;1.487;0.533;-3.471;-3.585;-3.69;-4.337;1.513;6.402
3.719;1.422;-0.301;-2.706;1.487;0.552;-3.474;-3.572;-3.725;-4.369;1.474;6.373
3.752;1.422;-0.333;-2.722;1.52;0.536;-3.484;-3.569;-3.748;-4.395;1.484;6.379
3.703;1.451;-0.255;-2.712;1.458;0.588;-3.461;-3.536;-3.742;-4.402;1.526;6.418
3.742;1.444;-0.301;-2.729;1.5;0.562;-3.48;-3.546;-3.768;-4.441;1.48;6.359
3.699;1.448;-0.255;-2.709;1.454;0.588;-3.458;-3.516;-3.742;-4.428;1.549;6.405
3.722;1.441;-0.284;-2.716;1.48;0.569;-3.444;-3.493;-3.716;-4.425;1.536;6.392
3.739;1.484;-0.258;-2.745;1.477;0.605;-3.461;-3.52;-3.729;-4.454;1.49;6.356
3.748;1.507;-0.245;-2.761;1.474;0.621;-3.454;-3.513;-3.716;-4.464;1.513;6.366
3.722;1.464;-0.261;-2.729;1.471;0.592;-3.425;-3.5;-3.703;-4.461;1.539;6.395
3.699;1.529;-0.173;-2.748;1.415;0.67;-3.389;-3.477;-3.67;-4.435;1.611;6.451
3.781;1.542;-0.242;-2.797;1.49;0.641;-3.373;-3.464;-3.67;-4.444;1.592;6.444
3.631;1.435;-0.199;-2.667;1.392;0.608;-3.405;-3.503;-3.712;-4.48;1.562;6.408
3.719;1.507;-0.216;-2.748;1.444;0.637;-3.386;-3.477;-3.699;-4.471;1.569;6.412
3.69;1.405;-0.288;-2.683;1.467;0.549;-3.431;-3.533;-3.761;-4.516;1.542;6.392
3.712;1.464;-0.252;-2.722;1.461;0.598;-3.408;-3.5;-3.761;-4.484;1.497;6.346
3.654;1.507;-0.15;-2.716;1.379;0.67;-3.415;-3.49;-3.784;-4.467;1.477;6.327
3.663;1.471;-0.196;-2.703;1.408;0.627;-3.448;-3.497;-3.807;-4.474;1.536;6.379
3.719;1.523;-0.199;-2.755;1.438;0.654;-3.484;-3.533;-3.846;-4.48;1.529;6.379
3.703;1.605;-0.101;-2.788;1.379;0.742;-3.464;-3.513;-3.82;-4.425;1.585;6.422
3.667;1.572;-0.098;-2.755;1.359;0.729;-3.5;-3.556;-3.837;-4.451;1.549;6.389
3.66;1.647;-0.016;-2.788;1.317;0.807;-3.49;-3.546;-3.797;-4.428;1.529;6.382
3.66;1.716;0.052;-2.824;1.281;0.876;-3.477;-3.539;-3.771;-4.405;1.542;6.399
3.742;1.65;-0.095;-2.83;1.395;0.768;-3.523;-3.585;-3.784;-4.412;1.477;6.346
3.745;1.631;-0.118;-2.824;1.408;0.748;-3.526;-3.601;-3.768;-4.386;1.529;6.386
3.696;1.572;-0.127;-2.768;1.389;0.712;-3.467;-3.539;-3.706;-4.327;1.539;6.392
3.66;1.497;-0.167;-2.712;1.392;0.657;-3.448;-3.516;-3.68;-4.301;1.562;6.412
3.735;1.542;-0.196;-2.775;1.444;0.663;-3.458;-3.497;-3.657;-4.258;1.605;6.435
3.686;1.533;-0.157;-2.745;1.399;0.68;-3.448;-3.471;-3.618;-4.222;1.618;6.484
3.712;1.513;-0.203;-2.748;1.435;0.647;-3.464;-3.48;-3.608;-4.216;1.608;6.474
3.797;1.484;-0.317;-2.775;1.536;0.575;-3.477;-3.471;-3.585;-4.196;1.598;6.48
3.742;1.422;-0.324;-2.716;1.51;0.539;-3.477;-3.451;-3.549;-4.16;1.624;6.516
3.775;1.389;-0.389;-2.716;1.559;0.49;-3.48;-3.428;-3.529;-4.141;1.611;6.487
3.784;1.405;-0.382;-2.729;1.562;0.503;-3.474;-3.408;-3.507;-4.124;1.644;6.51
3.719;1.337;-0.386;-2.663;1.529;0.467;-3.461;-3.392;-3.477;-4.121;1.66;6.516
3.755;1.288;-0.471;-2.657;1.592;0.399;-3.461;-3.379;-3.464;-4.098;1.68;6.539
3.758;1.278;-0.484;-2.654;1.598;0.389;-3.444;-3.363;-3.428;-4.085;1.69;6.552
3.807;1.369;-0.441;-2.722;1.601;0.454;-3.461;-3.363;-3.412;-4.092;1.673;6.546
3.85;1.444;-0.408;-2.781;1.608;0.51;-3.503;-3.402;-3.441;-4.111;1.667;6.542
3.889;1.539;-0.353;-2.85;1.598;0.585;-3.556;-3.431;-3.523;-4.141;1.66;6.526
3.912;1.644;-0.271;-2.912;1.569;0.676;-3.611;-3.448;-3.549;-4.131;1.699;6.565
3.997;1.739;-0.261;-3.003;1.608;0.732;-3.667;-3.471;-3.595;-4.127;1.739;6.614
3.997;1.712;-0.288;-2.99;1.621;0.706;-3.722;-3.523;-3.67;-4.15;1.768;6.657
4.069;1.748;-0.324;-3.042;1.673;0.706;-3.765;-3.565;-3.663;-4.134;1.837;6.732
4.141;1.84;-0.304;-3.124;1.699;0.761;-3.81;-3.614;-3.65;-4.111;1.915;6.81
4.15;1.843;-0.31;-3.131;1.709;0.758;-3.853;-3.68;-3.644;-4.114;1.961;6.876
4.239;1.931;-0.31;-3.219;1.752;0.804;-3.882;-3.719;-3.637;-4.088;2.069;7
4.225;1.902;-0.327;-3.199;1.755;0.781;-3.912;-3.775;-3.66;-4.095;2.105;7.046
4.147;1.873;-0.278;-3.144;1.69;0.791;-3.928;-3.827;-3.706;-4.127;2.121;7.069
4.216;1.876;-0.343;-3.18;1.758;0.758;-3.899;-3.817;-3.719;-4.16;2.085;7.042
4.111;1.771;-0.343;-3.075;1.706;0.706;-3.866;-3.83;-3.771;-4.235;2.026;6.977
4.108;1.725;-0.386;-3.052;1.725;0.663;-3.853;-3.84;-3.837;-4.333;1.977;6.915
4.003;1.706;-0.301;-2.99;1.631;0.696;-3.807;-3.814;-3.853;-4.382;1.958;6.892
3.948;1.611;-0.34;-2.915;1.621;0.627;-3.784;-3.794;-3.873;-4.438;1.889;6.817
3.928;1.595;-0.337;-2.895;1.611;0.621;-3.794;-3.791;-3.895;-4.49;1.814;6.725
3.899;1.578;-0.324;-2.873;1.588;0.618;-3.775;-3.765;-3.873;-4.503;1.791;6.703
3.882;1.572;-0.314;-2.863;1.575;0.621;-3.745;-3.729;-3.82;-4.497;1.771;6.676
3.915;1.611;-0.307;-2.899;1.588;0.644;-3.732;-3.709;-3.807;-4.503;1.735;6.641
3.81;1.533;-0.281;-2.807;1.523;0.618;-3.703;-3.693;-3.81;-4.526;1.69;6.592
3.879;1.5;-0.382;-2.824;1.608;0.549;-3.68;-3.693;-3.817;-4.52;1.641;6.539
3.853;1.484;-0.373;-2.804;1.592;0.546;-3.598;-3.631;-3.781;-4.467;1.673;6.565
3.899;1.448;-0.454;-2.807;1.654;0.487;-3.585;-3.614;-3.784;-4.474;1.627;6.513
3.902;1.448;-0.458;-2.81;1.657;0.487;-3.559;-3.592;-3.791;-4.474;1.608;6.49
3.912;1.369;-0.546;-2.775;1.706;0.402;-3.575;-3.624;-3.853;-4.529;1.559;6.415
3.824;1.34;-0.487;-2.716;1.634;0.418;-3.542;-3.611;-3.856;-4.52;1.578;6.435
3.807;1.346;-0.464;-2.712;1.614;0.431;-3.474;-3.542;-3.807;-4.474;1.569;6.399
3.824;1.317;-0.51;-2.706;1.644;0.395;-3.337;-3.35;-3.627;-4.34;1.497;6.314
3.752;1.359;-0.395;-2.69;1.552;0.474;-3.065;-2.961;-3.203;-4.007;1.536;6.297
3.765;1.529;-0.239;-2.781;1.48;0.637;-2.964;-2.771;-2.902;-3.729;1.631;6.327
3.69;1.68;-0.013;-2.82;1.33;0.824;-2.974;-2.775;-2.817;-3.595;1.745;6.389
3.676;1.719;0.039;-2.833;1.297;0.869;-3.049;-2.908;-2.987;-3.712;1.716;6.346
3.572;1.546;-0.029;-2.693;1.278;0.748;-3.052;-3.059;-3.255;-3.99;1.477;6.127
3.784;1.092;-0.696;-2.572;1.719;0.19;-3.056;-2.915;-3.382;-4.301;0.964;5.65
3.99;0.889;-1.105;-2.575;2.026;-0.118;-2.984;-2.523;-3.127;-4.239;0.722;5.373
3.886;0.902;-0.987;-2.529;1.915;-0.052;-2.771;-2.212;-2.745;-3.925;0.771;5.307
3.696;1.546;-0.154;-2.755;1.402;0.686;-2.922;-2.399;-2.67;-3.67;1.261;5.784
3.755;1.804;0.046;-2.915;1.333;0.915;-3.039;-2.539;-2.565;-3.327;1.676;6.232
3.827;1.876;0.046;-2.987;1.369;0.951;-3.212;-2.81;-2.703;-3.245;2.01;6.608
3.778;1.781;0;-2.915;1.366;0.882;-3.382;-3.186;-3.17;-3.696;1.895;6.627
3.807;1.533;-0.278;-2.804;1.52;0.618;-3.461;-3.422;-3.585;-4.199;1.542;6.389
3.82;1.539;-0.284;-2.814;1.529;0.618;-3.516;-3.51;-3.732;-4.363;1.431;6.32
3.81;1.542;-0.271;-2.81;1.52;0.627;-3.516;-3.52;-3.761;-4.366;1.451;6.34
3.725;1.461;-0.268;-2.729;1.474;0.588;-3.507;-3.536;-3.788;-4.376;1.444;6.33
3.82;1.487;-0.337;-2.788;1.556;0.565;-3.516;-3.536;-3.817;-4.405;1.369;6.271
3.788;1.529;-0.261;-2.794;1.503;0.624;-3.51;-3.533;-3.827;-4.415;1.379;6.281
3.879;1.578;-0.304;-2.863;1.569;0.627;-3.507;-3.526;-3.85;-4.418;1.412;6.324
3.817;1.542;-0.278;-2.814;1.526;0.624;-3.5;-3.52;-3.84;-4.405;1.415;6.327
3.739;1.542;-0.199;-2.775;1.448;0.663;-3.51;-3.526;-3.83;-4.379;1.464;6.356
3.895;1.562;-0.337;-2.863;1.595;0.605;-3.533;-3.526;-3.797;-4.359;1.461;6.363
3.886;1.559;-0.33;-2.856;1.585;0.605;-3.546;-3.523;-3.768;-4.35;1.435;6.33
3.85;1.601;-0.252;-2.859;1.529;0.667;-3.539;-3.477;-3.686;-4.278;1.477;6.379
3.954;1.637;-0.32;-2.931;1.614;0.65;-3.569;-3.454;-3.627;-4.216;1.513;6.405
3.928;1.641;-0.291;-2.918;1.588;0.667;-3.598;-3.415;-3.533;-4.147;1.533;6.386
4.033;1.722;-0.314;-3.013;1.65;0.696;-3.582;-3.317;-3.399;-4.029;1.605;6.422
4.059;1.745;-0.317;-3.036;1.667;0.706;-3.582;-3.265;-3.324;-3.987;1.585;6.392
4.026;1.693;-0.337;-2.993;1.66;0.67;-3.601;-3.271;-3.304;-4.007;1.516;6.337
3.935;1.699;-0.239;-2.951;1.565;0.722;-3.565;-3.252;-3.278;-4;1.598;6.379
3.931;1.706;-0.229;-2.954;1.559;0.729;-3.549;-3.252;-3.31;-4.039;1.598;6.382
3.967;1.654;-0.317;-2.944;1.621;0.66;-3.542;-3.304;-3.395;-4.108;1.533;6.317
3.869;1.611;-0.261;-2.876;1.542;0.667;-3.52;-3.333;-3.536;-4.167;1.49;6.288
3.833;1.631;-0.206;-2.866;1.497;0.703;-3.5;-3.359;-3.637;-4.203;1.546;6.337
3.846;1.618;-0.232;-2.866;1.516;0.683;-3.487;-3.395;-3.686;-4.265;1.516;6.314
3.82;1.588;-0.235;-2.84;1.507;0.667;-3.51;-3.464;-3.719;-4.34;1.474;6.265
3.797;1.598;-0.203;-2.833;1.477;0.69;-3.477;-3.451;-3.699;-4.359;1.408;6.225
3.761;1.585;-0.18;-2.807;1.448;0.693;-3.454;-3.444;-3.663;-4.366;1.428;6.239
3.81;1.601;-0.212;-2.84;1.49;0.686;-3.474;-3.474;-3.663;-4.389;1.428;6.248
3.771;1.585;-0.19;-2.814;1.458;0.69;-3.461;-3.474;-3.654;-4.382;1.412;6.245
3.758;1.552;-0.209;-2.791;1.461;0.663;-3.474;-3.52;-3.67;-4.418;1.425;6.235
3.739;1.546;-0.196;-2.778;1.444;0.667;-3.461;-3.49;-3.634;-4.389;1.458;6.265
3.735;1.611;-0.127;-2.807;1.408;0.732;-3.438;-3.484;-3.631;-4.399;1.369;6.222
3.699;1.627;-0.075;-2.797;1.366;0.768;-3.507;-3.562;-3.765;-4.5;1.239;6.098
3.716;1.716;-0.003;-2.85;1.337;0.846;-3.556;-3.614;-3.876;-4.559;1.235;6.095
3.696;1.873;0.173;-2.918;1.239;1.013;-3.592;-3.657;-3.984;-4.621;1.248;6.114
3.706;1.899;0.19;-2.938;1.235;1.036;-3.585;-3.65;-4.075;-4.65;1.245;6.111
3.742;1.81;0.065;-2.912;1.317;0.928;-3.536;-3.614;-4.095;-4.647;1.248;6.131
3.729;1.69;-0.042;-2.843;1.363;0.814;-3.513;-3.592;-4.056;-4.647;1.294;6.19
3.66;1.611;-0.052;-2.771;1.333;0.771;-3.49;-3.569;-4.013;-4.637;1.324;6.219
3.709;1.559;-0.154;-2.768;1.408;0.693;-3.51;-3.582;-4.01;-4.654;1.301;6.206
3.686;1.49;-0.199;-2.722;1.422;0.637;-3.516;-3.569;-3.977;-4.654;1.291;6.183
3.722;1.529;-0.196;-2.761;1.438;0.657;-3.507;-3.539;-3.922;-4.601;1.333;6.232
3.801;1.464;-0.34;-2.768;1.549;0.552;-3.51;-3.526;-3.889;-4.585;1.314;6.255
3.797;1.216;-0.585;-2.641;1.67;0.307;-3.333;-3.32;-3.699;-4.451;1.337;6.288
3.974;1.144;-0.833;-2.693;1.882;0.147;-3.356;-3.167;-3.513;-4.242;1.484;6.461
4.219;1.876;-0.346;-3.183;1.761;0.758;-3.788;-3.222;-3.003;-3.435;2.363;7.32
4.722;1.98;-0.745;-3.487;2.212;0.611;-3.778;-2.595;-2.176;-2.69;2.631;7.5
4.392;1.797;-0.598;-3.229;1.974;0.592;-3.487;-2.595;-2.356;-2.908;2.435;7.203
3.912;1.252;-0.663;-2.716;1.765;0.284;-3.144;-2.843;-2.866;-3.549;1.882;6.634
3.585;0.882;-0.706;-2.369;1.624;0.078;-3.016;-3.082;-3.284;-4.013;1.582;6.366
3.51;0.706;-0.807;-2.242;1.637;-0.059;-3.026;-3.183;-3.412;-4.127;1.516;6.35
3.592;0.614;-0.98;-2.239;1.765;-0.193;-3.134;-3.252;-3.431;-4.127;1.529;6.405
3.663;0.765;-0.902;-2.35;1.761;-0.078;-3.216;-3.307;-3.458;-4.114;1.598;6.51
3.621;1.042;-0.582;-2.467;1.578;0.222;-3.291;-3.382;-3.523;-4.193;1.542;6.461
3.608;1.275;-0.337;-2.575;1.451;0.461;-3.379;-3.474;-3.585;-4.275;1.471;6.392
3.683;1.356;-0.33;-2.654;1.484;0.503;-3.438;-3.542;-3.618;-4.317;1.402;6.33
3.614;1.395;-0.222;-2.641;1.395;0.578;-3.431;-3.539;-3.683;-4.284;1.399;6.346
3.709;1.464;-0.248;-2.722;1.458;0.598;-3.48;-3.565;-3.709;-4.268;1.464;6.418
3.716;1.526;-0.193;-2.755;1.431;0.657;-3.516;-3.578;-3.739;-4.284;1.464;6.415
3.768;1.569;-0.203;-2.804;1.464;0.673;-3.556;-3.546;-3.735;-4.301;1.471;6.428
3.882;1.575;-0.31;-2.863;1.575;0.624;-3.624;-3.562;-3.778;-4.343;1.471;6.441
3.837;1.601;-0.239;-2.853;1.516;0.673;-3.624;-3.552;-3.771;-4.337;1.516;6.487
3.771;1.657;-0.118;-2.85;1.422;0.761;-3.621;-3.536;-3.732;-4.307;1.582;6.523
3.794;1.686;-0.111;-2.876;1.431;0.778;-3.614;-3.523;-3.703;-4.291;1.627;6.552
3.778;1.667;-0.114;-2.856;1.425;0.768;-3.552;-3.5;-3.68;-4.297;1.605;6.536
3.797;1.66;-0.141;-2.863;1.448;0.752;-3.52;-3.497;-3.68;-4.327;1.467;6.438
3.696;1.618;-0.082;-2.791;1.366;0.758;-3.448;-3.464;-3.667;-4.324;1.5;6.428
3.693;1.627;-0.069;-2.794;1.359;0.771;-3.428;-3.461;-3.667;-4.327;1.578;6.526
3.641;1.588;-0.056;-2.748;1.327;0.758;-3.379;-3.448;-3.663;-4.34;1.621;6.562
3.641;1.556;-0.088;-2.732;1.343;0.725;-3.369;-3.451;-3.686;-4.366;1.552;6.497
3.663;1.467;-0.199;-2.699;1.408;0.624;-3.431;-3.507;-3.765;-4.438;1.471;6.422
3.693;1.523;-0.173;-2.742;1.412;0.667;-3.422;-3.467;-3.771;-4.412;1.444;6.389
3.585;1.503;-0.085;-2.68;1.314;0.699;-3.395;-3.441;-3.781;-4.402;1.487;6.448
3.65;1.549;-0.105;-2.735;1.356;0.712;-3.441;-3.474;-3.824;-4.412;1.513;6.484
3.627;1.507;-0.124;-2.703;1.353;0.683;-3.464;-3.477;-3.846;-4.395;1.536;6.503
3.654;1.536;-0.121;-2.729;1.366;0.699;-3.48;-3.484;-3.859;-4.402;1.484;6.477
3.654;1.523;-0.134;-2.722;1.373;0.686;-3.497;-3.5;-3.856;-4.386;1.52;6.497
3.595;1.487;-0.111;-2.676;1.33;0.68;-3.51;-3.523;-3.84;-4.366;1.51;6.474
3.752;1.592;-0.163;-2.807;1.435;0.706;-3.52;-3.552;-3.827;-4.359;1.415;6.431
3.68;1.503;-0.18;-2.725;1.408;0.654;-3.533;-3.585;-3.837;-4.359;1.408;6.395
3.716;1.575;-0.144;-2.781;1.408;0.706;-3.487;-3.536;-3.771;-4.297;1.461;6.464
3.641;1.52;-0.124;-2.716;1.359;0.69;-3.461;-3.523;-3.742;-4.258;1.477;6.461
3.654;1.493;-0.163;-2.709;1.386;0.657;-3.477;-3.542;-3.761;-4.271;1.51;6.49
3.585;1.467;-0.121;-2.66;1.33;0.663;-3.477;-3.542;-3.771;-4.281;1.474;6.428
3.729;1.513;-0.219;-2.755;1.451;0.637;-3.536;-3.559;-3.788;-4.297;1.467;6.435
3.65;1.513;-0.141;-2.716;1.373;0.676;-3.507;-3.529;-3.765;-4.271;1.493;6.448
3.686;1.539;-0.15;-2.748;1.395;0.686;-3.523;-3.526;-3.758;-4.275;1.5;6.451
3.654;1.503;-0.154;-2.712;1.382;0.667;-3.507;-3.493;-3.719;-4.252;1.497;6.431
3.67;1.474;-0.199;-2.706;1.412;0.627;-3.549;-3.523;-3.735;-4.271;1.52;6.444
3.66;1.487;-0.176;-2.709;1.395;0.647;-3.529;-3.487;-3.693;-4.242;1.507;6.412
3.722;1.52;-0.206;-2.755;1.441;0.647;-3.539;-3.484;-3.676;-4.232;1.484;6.399
3.676;1.458;-0.222;-2.703;1.428;0.608;-3.559;-3.497;-3.68;-4.225;1.49;6.392
3.676;1.451;-0.229;-2.699;1.431;0.601;-3.559;-3.477;-3.641;-4.203;1.52;6.412
3.739;1.552;-0.19;-2.781;1.441;0.673;-3.585;-3.461;-3.572;-4.186;1.549;6.428
3.745;1.572;-0.176;-2.794;1.438;0.69;-3.592;-3.428;-3.549;-4.147;1.552;6.431
3.765;1.621;-0.147;-2.827;1.435;0.729;-3.588;-3.376;-3.493;-4.062;1.562;6.418
3.837;1.693;-0.147;-2.899;1.471;0.765;-3.572;-3.284;-3.467;-3.935;1.637;6.467
3.853;1.716;-0.141;-2.918;1.474;0.778;-3.565;-3.206;-3.379;-3.824;1.716;6.526
3.899;1.663;-0.239;-2.915;1.546;0.703;-3.572;-3.173;-3.314;-3.781;1.699;6.5
3.869;1.683;-0.19;-2.912;1.507;0.739;-3.523;-3.131;-3.265;-3.735;1.758;6.542
3.863;1.66;-0.206;-2.895;1.513;0.719;-3.507;-3.147;-3.252;-3.758;1.771;6.559
3.895;1.644;-0.255;-2.905;1.552;0.686;-3.48;-3.167;-3.255;-3.797;1.761;6.549
3.804;1.572;-0.235;-2.824;1.497;0.66;-3.454;-3.219;-3.314;-3.869;1.693;6.487
3.814;1.529;-0.288;-2.807;1.529;0.611;-3.435;-3.271;-3.379;-3.944;1.644;6.435
3.778;1.497;-0.284;-2.771;1.51;0.598;-3.405;-3.297;-3.422;-3.997;1.65;6.454
3.758;1.474;-0.288;-2.752;1.5;0.585;-3.412;-3.353;-3.493;-4.075;1.627;6.438
3.725;1.458;-0.271;-2.725;1.477;0.585;-3.408;-3.363;-3.529;-4.114;1.621;6.438
3.696;1.454;-0.245;-2.709;1.448;0.595;-3.431;-3.395;-3.601;-4.18;1.595;6.412
3.65;1.444;-0.209;-2.683;1.408;0.608;-3.431;-3.405;-3.647;-4.222;1.605;6.425
3.683;1.431;-0.255;-2.693;1.448;0.578;-3.474;-3.438;-3.696;-4.265;1.585;6.399
3.676;1.399;-0.281;-2.673;1.458;0.549;-3.513;-3.477;-3.748;-4.33;1.552;6.373
3.66;1.425;-0.239;-2.676;1.428;0.585;-3.516;-3.471;-3.752;-4.333;1.565;6.395
3.631;1.399;-0.235;-2.65;1.412;0.572;-3.493;-3.461;-3.742;-4.33;1.546;6.382
3.663;1.392;-0.275;-2.663;1.448;0.549;-3.484;-3.467;-3.732;-4.34;1.556;6.395
3.614;1.422;-0.196;-2.654;1.382;0.605;-3.438;-3.467;-3.719;-4.337;1.546;6.386
3.69;1.382;-0.31;-2.67;1.477;0.526;-3.451;-3.5;-3.742;-4.359;1.513;6.356
3.663;1.412;-0.255;-2.673;1.438;0.569;-3.399;-3.461;-3.686;-4.307;1.542;6.386
3.673;1.363;-0.314;-2.654;1.471;0.516;-3.405;-3.471;-3.712;-4.324;1.507;6.346
3.641;1.271;-0.373;-2.592;1.484;0.441;-3.438;-3.513;-3.781;-4.363;1.467;6.307
3.696;1.307;-0.392;-2.637;1.523;0.448;-3.441;-3.503;-3.784;-4.369;1.471;6.31
3.667;1.294;-0.376;-2.614;1.5;0.451;-3.454;-3.516;-3.859;-4.422;1.458;6.294
3.631;1.31;-0.324;-2.605;1.454;0.484;-3.451;-3.52;-3.876;-4.399;1.461;6.297
3.686;1.346;-0.343;-2.65;1.493;0.493;-3.451;-3.513;-3.869;-4.376;1.461;6.294
3.709;1.353;-0.359;-2.667;1.513;0.487;-3.484;-3.542;-3.908;-4.405;1.438;6.294
3.791;1.343;-0.451;-2.703;1.598;0.438;-3.507;-3.51;-3.895;-4.422;1.379;6.297
3.889;1.301;-0.592;-2.729;1.719;0.346;-3.386;-3.288;-3.716;-4.294;1.395;6.343
3.987;1.34;-0.65;-2.797;1.797;0.337;-3.51;-3.239;-3.627;-4.19;1.458;6.454
4.353;2.212;-0.144;-3.418;1.725;1.026;-4.016;-3.386;-3.229;-3.461;2.265;7.255
4.807;2.265;-0.546;-3.67;2.154;0.853;-4.003;-2.866;-2.647;-2.922;2.373;7.265
4.379;2.16;-0.222;-3.405;1.778;0.961;-3.706;-2.948;-2.879;-3.219;2.167;6.964
3.892;1.735;-0.16;-2.948;1.503;0.778;-3.373;-3.114;-3.304;-3.791;1.67;6.451
3.634;1.444;-0.193;-2.673;1.392;0.618;-3.297;-3.297;-3.66;-4.216;1.369;6.203
3.582;1.451;-0.134;-2.65;1.337;0.65;-3.35;-3.412;-3.791;-4.356;1.324;6.173
3.637;1.418;-0.222;-2.663;1.408;0.588;-3.474;-3.497;-3.843;-4.395;1.34;6.229
3.634;1.49;-0.147;-2.696;1.369;0.663;-3.513;-3.539;-3.843;-4.366;1.408;6.32
3.657;1.493;-0.167;-2.709;1.389;0.654;-3.536;-3.556;-3.85;-4.359;1.399;6.31
3.686;1.533;-0.157;-2.745;1.399;0.68;-3.549;-3.565;-3.856;-4.34;1.435;6.343
3.683;1.48;-0.206;-2.716;1.422;0.627;-3.529;-3.536;-3.837;-4.33;1.412;6.327
3.739;1.536;-0.206;-2.771;1.451;0.657;-3.542;-3.539;-3.83;-4.314;1.431;6.356
3.67;1.493;-0.18;-2.716;1.402;0.647;-3.575;-3.598;-3.879;-4.356;1.373;6.33
3.781;1.641;-0.144;-2.846;1.441;0.739;-3.601;-3.592;-3.869;-4.346;1.422;6.359
3.853;1.68;-0.176;-2.902;1.493;0.742;-3.634;-3.595;-3.882;-4.356;1.444;6.389
3.791;1.588;-0.206;-2.824;1.477;0.683;-3.693;-3.634;-3.922;-4.373;1.454;6.415
3.863;1.582;-0.284;-2.856;1.552;0.641;-3.712;-3.631;-3.925;-4.379;1.402;6.386
3.856;1.683;-0.176;-2.905;1.493;0.745;-3.735;-3.618;-3.873;-4.327;1.467;6.428
3.843;1.69;-0.157;-2.902;1.477;0.758;-3.683;-3.565;-3.81;-4.284;1.471;6.435
3.81;1.634;-0.18;-2.856;1.474;0.719;-3.641;-3.588;-3.81;-4.288;1.49;6.422
3.761;1.572;-0.193;-2.801;1.454;0.68;-3.598;-3.572;-3.775;-4.271;1.467;6.379
3.758;1.578;-0.183;-2.804;1.448;0.69;-3.556;-3.539;-3.722;-4.248;1.422;6.35
3.755;1.529;-0.229;-2.778;1.471;0.641;-3.552;-3.552;-3.69;-4.284;1.415;6.337
3.735;1.529;-0.209;-2.768;1.451;0.65;-3.539;-3.552;-3.673;-4.297;1.438;6.356
